ticks,who,name,pop.0,susceptible,exposed,presymptomatic,infected,recovered,dead,new.exposed,new.presymptomatic,new.infected,new.recovered,new.dead,new.tests,alert.level
26,16,West.Coast,32445,32443,1,0,1,0,0,1,0,1,0,0,33,4
26,4,Waikato,417127,416753,58,51,117,148,3,58,37,27,20,0,539,4
26,17,Canterbury,562866,561849,130,199,334,354,4,130,148,86,50,0,832,4
26,7,Tairawhiti,48965,48965,0,0,0,0,0,0,0,0,0,0,52,4
26,18,South.Canterbury,60025,59987,9,5,11,13,0,9,3,4,1,0,62,4
26,5,Lakes,110040,110028,2,1,6,3,0,2,0,3,0,0,102,4
26,2,Auckland,538831,538020,132,141,263,275,9,132,103,82,38,1,844,4
26,19,Southern,328230,328190,8,10,13,9,0,8,8,2,2,0,351,4
26,14,Wairarapa,44845,44811,3,2,8,21,0,3,2,4,2,0,52,4
26,1,Waitemata,622349,621746,68,131,180,224,1,68,97,64,35,1,817,4
26,12,Hutt.Valley,149269,149234,2,8,9,16,1,2,6,5,2,1,173,4
26,6,Bay.of.Plenty,236820,236805,1,3,4,7,0,1,0,2,2,0,236,4
26,3,Counties.Manukau,557787,557395,48,69,140,135,3,48,48,53,14,0,658,4
26,10,Whanganui,64565,64536,4,5,12,8,0,4,3,5,3,0,62,4
26,13,Capital.and.Coast,316620,316504,8,25,31,52,0,8,17,13,4,0,357,4
26,15,Nelson.Marlborough,150280,150165,22,22,39,32,0,22,16,15,6,0,185,4
26,0,Northland,178500,178327,14,31,51,77,0,14,24,22,10,0,241,4
26,11,MidCentral,178238,178168,6,12,26,26,2,6,7,9,3,0,190,4
26,9,Hawkes.Bay,165360,165356,0,0,1,3,0,0,0,1,1,0,157,4
26,8,Taranaki,119640,119594,9,5,16,16,0,9,3,5,3,0,124,4
27,10,Whanganui,64565,64533,3,6,14,9,0,3,4,3,1,0,71,4
27,6,Bay.of.Plenty,236820,236803,2,3,4,8,0,2,1,1,1,0,253,4
27,12,Hutt.Valley,149269,149231,3,5,10,20,1,3,2,5,4,0,165,4
27,19,Southern,328230,328182,8,11,16,13,0,8,8,7,4,0,352,4
27,5,Lakes,110040,110024,4,3,5,4,0,4,2,0,1,0,111,4
27,2,Auckland,538831,537923,97,177,306,328,9,97,132,96,53,0,806,4
27,14,Wairarapa,44845,44809,2,3,7,24,0,2,3,2,3,0,47,4
27,13,Capital.and.Coast,316620,316488,16,17,43,56,0,16,8,16,4,0,322,4
27,7,Tairawhiti,48965,48965,0,0,0,0,0,0,0,0,0,0,43,4
27,16,West.Coast,32445,32443,0,1,0,1,0,0,1,0,1,0,27,4
27,3,Counties.Manukau,557787,557344,51,77,152,163,3,51,48,40,28,0,659,4
27,11,MidCentral,178238,178151,17,11,29,30,2,17,6,7,4,0,209,4
27,17,Canterbury,562865,561717,132,199,405,412,5,132,130,130,58,1,880,4
27,18,South.Canterbury,60025,59986,1,9,16,13,0,1,9,5,0,0,77,4
27,9,Hawkes.Bay,165360,165356,0,0,1,3,0,0,0,0,0,0,160,4
27,8,Taranaki,119640,119589,5,10,18,18,0,5,9,4,2,0,109,4
27,1,Waitemata,622349,621650,96,114,230,259,1,96,68,85,35,0,872,4
27,4,Waikato,417127,416707,46,79,122,173,3,46,58,30,25,0,520,4
27,0,Northland,178500,178311,16,25,56,92,0,16,14,20,15,0,249,4
27,15,Nelson.Marlborough,150280,150147,18,29,45,41,0,18,22,15,9,0,185,4
28,11,MidCentral,178238,178144,7,20,32,35,2,7,17,8,5,0,223,4
28,6,Bay.of.Plenty,236820,236802,1,3,5,9,0,1,2,2,1,0,235,4
28,13,Capital.and.Coast,316620,316474,14,19,42,71,0,14,16,14,15,0,355,4
28,17,Canterbury,562862,561575,142,193,446,506,8,142,132,138,94,3,981,4
28,3,Counties.Manukau,557786,557292,52,79,172,191,4,52,51,49,28,1,731,4
28,16,West.Coast,32445,32443,0,1,0,1,0,0,0,0,0,0,29,4
28,5,Lakes,110040,110023,1,5,7,4,0,1,4,2,0,0,119,4
28,19,Southern,328230,328177,5,13,18,17,0,5,8,6,4,0,365,4
28,14,Wairarapa,44845,44805,4,3,6,27,0,4,2,2,3,0,44,4
28,8,Taranaki,119640,119583,6,11,19,21,0,6,5,4,3,0,140,4
28,15,Nelson.Marlborough,150280,150128,19,25,54,54,0,19,18,22,13,0,187,4
28,1,Waitemata,622349,621561,89,135,257,307,1,89,96,75,48,0,871,4
28,18,South.Canterbury,60025,59979,7,5,20,14,0,7,1,5,1,0,73,4
28,4,Waikato,417127,416680,27,68,152,200,3,27,46,57,27,0,568,4
28,12,Hutt.Valley,149269,149227,4,6,12,20,1,4,3,2,0,0,177,4
28,10,Whanganui,64565,64529,4,7,14,11,0,4,3,2,2,0,78,4
28,7,Tairawhiti,48965,48965,0,0,0,0,0,0,0,0,0,0,53,4
28,2,Auckland,538830,537792,131,177,339,391,10,131,97,97,63,1,822,4
28,9,Hawkes.Bay,165360,165356,0,0,0,4,0,0,0,0,1,0,165,4
28,0,Northland,178500,178294,17,20,62,107,0,17,16,21,15,0,253,4
29,4,Waikato,417127,416628,52,46,180,221,3,52,27,49,21,0,572,4
29,9,Hawkes.Bay,165360,165356,0,0,0,4,0,0,0,0,0,0,163,4
29,13,Capital.and.Coast,316620,316462,12,20,44,82,0,12,14,13,11,0,360,4
29,0,Northland,178500,178281,13,24,64,118,0,13,17,13,11,0,202,4
29,17,Canterbury,562862,561455,120,205,498,584,8,120,142,130,78,0,1011,4
29,10,Whanganui,64565,64525,4,6,16,14,0,4,4,5,3,0,80,4
29,6,Bay.of.Plenty,236820,236801,1,1,6,11,0,1,1,3,2,0,234,4
29,15,Nelson.Marlborough,150279,150107,21,24,58,69,1,21,19,20,15,1,197,4
29,11,MidCentral,178238,178132,12,10,43,41,2,12,7,17,6,0,204,4
29,8,Taranaki,119640,119582,1,11,21,25,0,1,6,6,4,0,136,4
29,1,Waitemata,622349,621485,76,133,295,360,1,76,89,91,53,0,860,4
29,5,Lakes,110040,110018,5,4,8,5,0,5,1,2,1,0,121,4
29,3,Counties.Manukau,557786,557248,44,70,205,219,4,44,52,61,28,0,763,4
29,7,Tairawhiti,48965,48965,0,0,0,0,0,0,0,0,0,0,46,4
29,12,Hutt.Valley,149269,149223,4,7,13,22,1,4,4,3,2,0,179,4
29,16,West.Coast,32445,32442,1,0,1,1,0,1,0,1,0,0,38,4
29,19,Southern,328230,328167,10,7,27,19,0,10,5,11,2,0,360,4
29,2,Auckland,538829,537680,112,196,384,457,11,112,131,112,66,1,872,4
29,14,Wairarapa,44845,44804,1,5,7,28,0,1,4,2,1,0,55,4
29,18,South.Canterbury,60025,59968,11,9,20,17,0,11,7,3,3,0,78,4
30,3,Counties.Manukau,557785,557212,36,61,221,255,5,36,44,53,36,1,765,4
30,15,Nelson.Marlborough,150279,150097,10,26,67,79,1,10,21,19,10,0,180,4
30,1,Waitemata,622348,621422,63,125,322,416,2,63,76,84,56,1,897,4
30,17,Canterbury,562861,561369,86,192,522,692,9,86,120,133,108,1,1092,4
30,18,South.Canterbury,60025,59964,4,13,24,20,0,4,11,7,3,0,79,4
30,9,Hawkes.Bay,165360,165356,0,0,0,4,0,0,0,0,0,0,175,4
30,11,MidCentral,178238,178122,10,14,43,49,2,10,12,8,8,0,223,4
30,14,Wairarapa,44845,44801,3,2,9,30,0,3,1,4,2,0,44,4
30,19,Southern,328230,328161,6,11,31,21,0,6,10,6,2,0,366,4
30,12,Hutt.Valley,149269,149220,3,6,15,25,1,3,4,5,3,0,151,4
30,7,Tairawhiti,48965,48965,0,0,0,0,0,0,0,0,0,0,42,4
30,16,West.Coast,32445,32442,0,1,1,1,0,0,1,0,0,0,28,4
30,10,Whanganui,64565,64523,2,6,19,15,0,2,4,4,1,0,69,4
30,2,Auckland,538829,537600,80,175,448,526,11,80,112,133,69,0,902,4
30,0,Northland,178500,178261,20,22,66,131,0,20,13,15,13,0,235,4
30,5,Lakes,110040,110015,3,6,9,7,0,3,5,3,2,0,103,4
30,13,Capital.and.Coast,316620,316455,7,15,51,92,0,7,12,17,10,0,388,4
30,6,Bay.of.Plenty,236820,236799,2,1,6,12,0,2,1,1,1,0,234,4
30,8,Taranaki,119640,119577,5,5,24,29,0,5,1,7,4,0,127,4
30,4,Waikato,417127,416598,30,72,167,260,3,30,52,26,39,0,542,4
31,2,Auckland,538829,537529,71,143,469,617,11,71,80,112,91,0,915,4
31,0,Northland,178500,178248,13,25,70,144,0,13,20,17,13,0,244,4
31,13,Capital.and.Coast,316620,316451,4,12,54,99,0,4,7,10,7,0,376,4
31,18,South.Canterbury,60025,59955,9,9,31,21,0,9,4,8,1,0,67,4
31,15,Nelson.Marlborough,150279,150086,11,22,66,94,1,11,10,14,15,0,224,4
31,17,Canterbury,562861,561284,85,153,536,803,9,85,86,125,111,0,1062,4
31,4,Waikato,417126,416577,21,54,182,292,4,21,30,48,32,1,602,4
31,9,Hawkes.Bay,165360,165356,0,0,0,4,0,0,0,0,0,0,186,4
31,1,Waitemata,622347,621376,46,104,351,470,3,46,63,84,54,1,940,4
31,19,Southern,328230,328159,2,12,32,25,0,2,6,5,4,0,359,4
31,7,Tairawhiti,48965,48965,0,0,0,0,0,0,0,0,0,0,46,4
31,16,West.Coast,32445,32442,0,0,2,1,0,0,0,1,0,0,41,4
31,10,Whanganui,64565,64518,5,2,22,18,0,5,2,6,3,0,96,4
31,14,Wairarapa,44845,44801,0,4,9,31,0,0,3,1,1,0,66,4
31,6,Bay.of.Plenty,236820,236799,0,2,5,14,0,0,2,1,2,0,236,4
31,12,Hutt.Valley,149269,149219,1,4,17,28,1,1,3,5,3,0,154,4
31,3,Counties.Manukau,557784,557180,32,58,208,306,6,32,36,39,51,1,735,4
31,11,MidCentral,178238,178117,5,15,43,58,2,5,10,9,9,0,234,4
31,8,Taranaki,119640,119575,2,6,23,34,0,2,5,4,5,0,122,4
31,5,Lakes,110040,110014,1,5,11,9,0,1,3,4,2,0,125,4
32,11,MidCentral,178238,178114,3,11,44,66,2,3,5,9,8,0,225,4
32,7,Tairawhiti,48965,48965,0,0,0,0,0,0,0,0,0,0,46,4
32,16,West.Coast,32445,32442,0,0,2,1,0,0,0,0,0,0,34,4
32,3,Counties.Manukau,557782,557163,17,48,208,346,8,17,32,42,40,2,721,4
32,10,Whanganui,64565,64517,1,5,20,22,0,1,5,2,4,0,67,4
32,18,South.Canterbury,60025,59954,1,13,31,26,0,1,9,5,5,0,89,4
32,15,Nelson.Marlborough,150279,150083,3,20,67,106,1,3,11,13,12,0,189,4
32,1,Waitemata,622346,621353,23,83,347,540,4,23,46,67,70,1,959,4
32,2,Auckland,538829,537501,28,120,465,715,11,28,71,94,98,0,941,4
32,5,Lakes,110040,110012,2,2,11,13,0,2,1,4,4,0,121,4
32,14,Wairarapa,44845,44800,1,3,7,34,0,1,0,1,3,0,54,4
32,6,Bay.of.Plenty,236820,236799,0,1,5,15,0,0,0,1,1,0,235,4
32,12,Hutt.Valley,149269,149218,1,2,16,32,1,1,1,3,4,0,157,4
32,13,Capital.and.Coast,316620,316449,2,10,45,114,0,2,4,6,15,0,360,4
32,17,Canterbury,562858,561243,41,127,528,919,12,41,85,111,116,3,983,4
32,9,Hawkes.Bay,165360,165356,0,0,0,4,0,0,0,0,0,0,171,4
32,4,Waikato,417126,416556,21,37,185,327,4,21,21,38,35,0,574,4
32,8,Taranaki,119640,119572,3,5,22,38,0,3,2,3,4,0,144,4
32,19,Southern,328230,328155,4,4,34,33,0,4,2,10,8,0,391,4
32,0,Northland,178500,178243,5,21,76,155,0,5,13,17,11,0,222,4
33,10,Whanganui,64565,64517,0,2,20,26,0,0,1,4,4,0,83,4
33,8,Taranaki,119640,119571,1,3,23,42,0,1,3,5,4,0,149,4
33,9,Hawkes.Bay,165360,165356,0,0,0,4,0,0,0,0,0,0,172,4
33,2,Auckland,538828,537451,50,70,455,802,12,50,28,78,87,1,893,4
33,18,South.Canterbury,60024,59952,2,9,28,33,1,2,1,5,7,1,68,4
33,17,Canterbury,562857,561205,38,79,519,1016,13,38,41,89,97,1,1033,4
33,12,Hutt.Valley,149269,149218,0,1,17,33,1,0,1,2,1,0,164,4
33,0,Northland,178500,178236,7,12,73,172,0,7,5,14,17,0,233,4
33,3,Counties.Manukau,557782,557150,13,33,202,384,8,13,17,32,38,0,757,4
33,14,Wairarapa,44845,44800,0,3,7,35,0,0,1,1,1,0,55,4
33,15,Nelson.Marlborough,150279,150077,6,10,66,120,1,6,3,13,14,0,214,4
33,11,MidCentral,178238,178112,2,5,42,77,2,2,3,9,11,0,185,4
33,6,Bay.of.Plenty,236820,236799,0,0,5,16,0,0,0,1,1,0,230,4
33,7,Tairawhiti,48965,48965,0,0,0,0,0,0,0,0,0,0,40,4
33,1,Waitemata,622346,621336,17,48,336,609,4,17,23,58,69,0,911,4
33,16,West.Coast,32445,32442,0,0,2,1,0,0,0,0,0,0,27,4
33,4,Waikato,417126,416535,21,38,176,356,4,21,21,20,29,0,584,4
33,19,Southern,328230,328155,0,6,31,38,0,0,4,2,5,0,331,4
33,5,Lakes,110040,110010,2,2,13,13,0,2,2,2,0,0,119,4
33,13,Capital.and.Coast,316620,316444,5,5,44,122,0,5,2,7,8,0,370,4
34,0,Northland,178500,178232,4,10,73,181,0,4,7,9,9,0,227,4
34,5,Lakes,110040,110009,1,2,12,16,0,1,2,2,3,0,120,4
34,6,Bay.of.Plenty,236820,236798,1,0,5,16,0,1,0,0,0,0,215,4
34,3,Counties.Manukau,557782,557135,15,25,195,412,8,15,13,21,28,0,740,4
34,14,Wairarapa,44845,44800,0,2,7,36,0,0,0,1,1,0,55,4
34,12,Hutt.Valley,149269,149218,0,1,14,36,1,0,0,0,3,0,169,4
34,9,Hawkes.Bay,165360,165356,0,0,0,4,0,0,0,0,0,0,168,4
34,18,South.Canterbury,60024,59951,1,4,30,38,1,1,2,7,5,0,90,4
34,10,Whanganui,64565,64516,1,2,20,26,0,1,0,0,0,0,87,4
34,15,Nelson.Marlborough,150279,150070,7,11,57,134,1,7,6,5,14,0,210,4
34,16,West.Coast,32445,32442,0,0,2,1,0,0,0,0,0,0,40,4
34,11,MidCentral,178238,178111,1,3,38,85,2,1,2,4,8,0,233,4
34,1,Waitemata,622346,621312,24,37,296,677,4,24,17,28,68,0,904,4
34,17,Canterbury,562857,561170,35,60,488,1104,13,35,38,57,88,0,1009,4
34,13,Capital.and.Coast,316620,316438,6,6,39,131,0,6,5,4,9,0,328,4
34,4,Waikato,417126,416522,13,36,170,385,4,13,21,23,29,0,587,4
34,8,Taranaki,119640,119571,0,1,22,46,0,0,1,3,4,0,142,4
34,2,Auckland,538827,537416,35,66,422,888,13,35,50,54,86,1,881,4
34,7,Tairawhiti,48965,48965,0,0,0,0,0,0,0,0,0,0,42,4
34,19,Southern,328230,328153,2,4,24,47,0,2,0,2,9,0,352,4
35,16,West.Coast,32445,32442,0,0,2,1,0,0,0,0,0,0,31,4
35,7,Tairawhiti,48965,48965,0,0,0,0,0,0,0,0,0,0,54,4
35,11,MidCentral,178238,178108,3,1,29,97,2,3,1,3,12,0,198,4
35,10,Whanganui,64564,64516,0,2,19,27,1,0,1,1,1,1,72,4
35,4,Waikato,417124,416503,19,26,159,417,6,19,13,23,32,2,589,4
35,8,Taranaki,119640,119569,2,1,21,47,0,2,0,0,1,0,144,4
35,1,Waitemata,622346,621294,18,36,275,723,4,18,24,25,46,0,885,4
35,13,Capital.and.Coast,316620,316435,3,10,32,140,0,3,6,2,9,0,344,4
35,9,Hawkes.Bay,165360,165356,0,0,0,4,0,0,0,0,0,0,155,4
35,3,Counties.Manukau,557781,557118,17,22,168,456,9,17,15,18,44,1,674,4
35,15,Nelson.Marlborough,150279,150066,4,10,51,148,1,4,7,8,14,0,197,4
35,17,Canterbury,562857,561134,36,49,440,1198,13,36,35,46,94,0,983,4
35,18,South.Canterbury,60024,59947,4,3,28,42,1,4,1,2,4,0,79,4
35,19,Southern,328230,328153,0,4,20,53,0,0,2,2,6,0,361,4
35,5,Lakes,110040,110009,0,2,10,19,0,0,1,1,3,0,99,4
35,6,Bay.of.Plenty,236820,236798,0,1,4,17,0,0,1,0,1,0,260,4
35,2,Auckland,538826,537384,32,59,363,988,14,32,35,42,100,1,884,4
35,12,Hutt.Valley,149269,149218,0,0,14,37,1,0,0,1,1,0,209,4
35,14,Wairarapa,44845,44800,0,2,6,37,0,0,0,0,1,0,41,4
35,0,Northland,178500,178226,6,9,65,194,0,6,4,5,13,0,222,4
36,3,Counties.Manukau,557781,557104,14,25,151,487,9,14,17,14,31,0,732,4
36,10,Whanganui,64564,64514,2,1,17,30,1,2,0,1,3,0,73,4
36,8,Taranaki,119640,119568,1,2,16,53,0,1,2,1,6,0,124,4
36,11,MidCentral,178238,178105,3,4,25,101,2,3,3,0,4,0,234,4
36,16,West.Coast,32445,32442,0,0,1,2,0,0,0,0,1,0,21,4
36,6,Bay.of.Plenty,236820,236798,0,0,4,18,0,0,0,1,1,0,255,4
36,18,South.Canterbury,60024,59947,0,4,24,49,1,0,4,3,7,0,92,4
36,17,Canterbury,562856,561106,28,58,376,1288,14,28,36,27,90,1,903,4
36,13,Capital.and.Coast,316620,316434,1,8,31,146,0,1,3,5,6,0,319,4
36,2,Auckland,538826,537358,26,54,330,1058,14,26,32,37,70,0,810,4
36,9,Hawkes.Bay,165360,165356,0,0,0,4,0,0,0,0,0,0,140,4
36,14,Wairarapa,44845,44800,0,2,6,37,0,0,0,0,0,0,58,4
36,15,Nelson.Marlborough,150279,150062,4,7,48,158,1,4,4,7,10,0,177,4
36,7,Tairawhiti,48965,48965,0,0,0,0,0,0,0,0,0,0,55,4
36,19,Southern,328230,328153,0,2,16,59,0,0,0,2,6,0,353,4
36,4,Waikato,417124,416491,12,29,141,451,6,12,19,16,34,0,516,4
36,5,Lakes,110040,110009,0,2,9,20,0,0,0,0,1,0,116,4
36,1,Waitemata,622345,621278,16,34,231,786,5,16,18,20,63,1,851,4
36,0,Northland,178500,178224,2,7,63,204,0,2,6,8,10,0,242,4
36,12,Hutt.Valley,149269,149216,2,0,10,41,1,2,0,0,4,0,168,4
37,15,Nelson.Marlborough,150279,150062,0,9,38,170,1,0,4,2,12,0,186,4
37,3,Counties.Manukau,557781,557091,13,23,144,510,9,13,14,16,23,0,718,4
37,2,Auckland,538826,537330,28,49,292,1127,14,28,26,31,69,0,807,4
37,9,Hawkes.Bay,165360,165356,0,0,0,4,0,0,0,0,0,0,169,4
37,19,Southern,328230,328149,4,0,15,62,0,4,0,2,3,0,340,4
37,17,Canterbury,562855,561072,34,51,335,1363,15,34,28,35,75,1,929,4
37,4,Waikato,417124,416482,9,22,124,487,6,9,12,19,36,0,582,4
37,7,Tairawhiti,48965,48965,0,0,0,0,0,0,0,0,0,0,39,4
37,0,Northland,178500,178219,5,6,54,216,0,5,2,3,12,0,256,4
37,11,MidCentral,178238,178102,3,5,23,105,2,3,3,2,4,0,187,4
37,16,West.Coast,32445,32442,0,0,1,2,0,0,0,0,0,0,26,4
37,5,Lakes,110040,110009,0,1,9,21,0,0,0,1,1,0,97,4
37,18,South.Canterbury,60024,59946,1,0,21,56,1,1,0,4,7,0,80,4
37,8,Taranaki,119640,119565,3,1,14,57,0,3,1,2,4,0,146,4
37,14,Wairarapa,44845,44800,0,2,5,38,0,0,0,0,1,0,44,4
37,1,Waitemata,622344,621259,19,25,206,835,6,19,16,25,49,1,806,4
37,12,Hutt.Valley,149269,149214,2,2,9,42,1,2,2,0,1,0,144,4
37,13,Capital.and.Coast,316620,316434,0,5,25,156,0,0,1,4,10,0,312,4
37,10,Whanganui,64564,64514,0,3,13,34,1,0,2,0,4,0,90,4
37,6,Bay.of.Plenty,236820,236796,2,0,3,19,0,2,0,0,1,0,226,4
38,17,Canterbury,562854,561048,24,52,306,1424,16,24,34,33,61,1,861,4
38,8,Taranaki,119640,119565,0,3,13,59,0,0,3,1,2,0,122,4
38,9,Hawkes.Bay,165360,165356,0,0,0,4,0,0,0,0,0,0,152,4
38,2,Auckland,538826,537302,28,42,278,1176,14,28,28,35,49,0,831,4
38,1,Waitemata,622344,621243,16,26,188,871,6,16,19,18,36,0,810,4
38,6,Bay.of.Plenty,236820,236796,0,2,2,20,0,0,2,0,1,0,254,4
38,5,Lakes,110040,110009,0,1,6,24,0,0,0,0,3,0,111,4
38,14,Wairarapa,44845,44800,0,0,7,38,0,0,0,2,0,0,49,4
38,7,Tairawhiti,48965,48965,0,0,0,0,0,0,0,0,0,0,44,4
38,3,Counties.Manukau,557781,557080,11,22,138,530,9,11,13,14,20,0,688,4
38,15,Nelson.Marlborough,150279,150060,2,3,36,178,1,2,0,6,8,0,189,4
38,12,Hutt.Valley,149269,149214,0,2,9,44,1,0,2,2,2,0,131,4
38,0,Northland,178500,178211,8,8,42,231,0,8,5,3,15,0,209,4
38,18,South.Canterbury,60024,59945,1,1,15,62,1,1,1,0,6,0,73,4
38,13,Capital.and.Coast,316620,316430,4,1,21,164,0,4,0,4,8,0,350,4
38,4,Waikato,417124,416477,5,13,112,517,6,5,9,18,30,0,544,4
38,19,Southern,328230,328147,2,4,11,66,0,2,4,0,4,0,304,4
38,11,MidCentral,178238,178102,0,5,23,108,2,0,3,3,3,0,208,4
38,10,Whanganui,64564,64513,1,0,15,35,1,1,0,3,1,0,75,4
38,16,West.Coast,32445,32442,0,0,1,2,0,0,0,0,0,0,32,4
39,2,Auckland,538826,537278,24,45,254,1225,14,24,28,25,49,0,788,4
39,19,Southern,328230,328146,1,6,9,68,0,1,2,0,2,0,330,4
39,14,Wairarapa,44845,44800,0,0,5,40,0,0,0,0,2,0,37,4
39,16,West.Coast,32445,32442,0,0,1,2,0,0,0,0,0,0,37,4
39,11,MidCentral,178238,178100,2,2,21,113,2,2,0,3,5,0,191,4
39,0,Northland,178499,178208,3,12,41,235,1,3,8,4,4,1,223,4
39,12,Hutt.Valley,149269,149213,1,0,8,47,1,1,0,2,3,0,155,4
39,1,Waitemata,622343,621230,13,21,169,910,7,13,16,21,39,1,755,4
39,9,Hawkes.Bay,165360,165356,0,0,0,4,0,0,0,0,0,0,185,4
39,17,Canterbury,562853,561026,22,43,273,1489,17,22,24,33,65,1,773,4
39,3,Counties.Manukau,557781,557069,11,22,123,556,9,11,11,11,26,0,691,4
39,8,Taranaki,119640,119562,3,1,13,61,0,3,0,2,2,0,133,4
39,5,Lakes,110040,110008,1,0,5,26,0,1,0,1,2,0,105,4
39,10,Whanganui,64564,64512,1,1,12,38,1,1,1,0,3,0,73,4
39,13,Capital.and.Coast,316620,316428,2,5,18,167,0,2,4,0,3,0,335,4
39,18,South.Canterbury,60024,59945,0,1,13,65,1,0,1,1,3,0,67,4
39,6,Bay.of.Plenty,236820,236796,0,0,2,22,0,0,0,2,2,0,223,4
39,15,Nelson.Marlborough,150279,150057,3,4,32,183,1,3,2,1,5,0,176,4
39,4,Waikato,417123,416467,10,11,98,537,7,10,5,7,20,1,522,4
39,7,Tairawhiti,48965,48965,0,0,0,0,0,0,0,0,0,0,40,4
40,0,Northland,178499,178207,1,8,41,242,1,1,3,7,7,0,253,4
40,4,Waikato,417123,416461,6,15,83,558,7,6,10,6,21,0,486,4
40,8,Taranaki,119640,119561,1,3,11,64,0,1,3,1,3,0,124,4
40,19,Southern,328230,328145,1,2,14,68,0,1,1,5,0,0,358,4
40,7,Tairawhiti,48965,48965,0,0,0,0,0,0,0,0,0,0,53,4
40,16,West.Coast,32445,32441,1,0,1,2,0,1,0,0,0,0,23,4
40,10,Whanganui,64564,64512,0,2,9,41,1,0,1,0,3,0,81,4
40,5,Lakes,110040,110008,0,1,4,27,0,0,1,0,1,0,100,4
40,9,Hawkes.Bay,165360,165356,0,0,0,4,0,0,0,0,0,0,201,4
40,12,Hutt.Valley,149269,149212,1,1,6,49,1,1,1,0,2,0,161,4
40,17,Canterbury,562853,561002,24,40,242,1545,17,24,22,25,56,0,756,4
40,13,Capital.and.Coast,316620,316427,1,4,18,170,0,1,2,3,3,0,314,4
40,14,Wairarapa,44845,44800,0,0,4,41,0,0,0,0,1,0,37,4
40,15,Nelson.Marlborough,150279,150055,2,6,29,187,1,2,3,1,4,0,168,4
40,1,Waitemata,622342,621213,17,17,154,941,8,17,13,17,31,1,774,4
40,6,Bay.of.Plenty,236820,236795,1,0,1,23,0,1,0,0,1,0,206,4
40,11,MidCentral,178238,178100,0,4,16,118,2,0,2,0,5,0,161,4
40,18,South.Canterbury,60024,59945,0,0,14,65,1,0,0,1,0,0,67,4
40,3,Counties.Manukau,557781,557062,7,20,103,589,9,7,11,13,33,0,621,4
40,2,Auckland,538824,537268,10,39,233,1274,16,10,24,30,49,2,718,4
41,12,Hutt.Valley,149269,149211,1,2,5,50,1,1,1,0,1,0,162,4
41,1,Waitemata,622342,621198,15,26,125,978,8,15,17,8,37,0,729,4
41,3,Counties.Manukau,557781,557050,12,13,92,614,9,12,7,14,25,0,634,4
41,4,Waikato,417123,416457,4,11,85,566,7,4,6,10,8,0,517,4
41,2,Auckland,538824,537258,10,22,216,1318,16,10,10,27,44,0,716,4
41,5,Lakes,110040,110008,0,1,4,27,0,0,0,0,0,0,109,4
41,6,Bay.of.Plenty,236820,236795,0,1,1,23,0,0,1,0,0,0,256,4
41,19,Southern,328230,328144,1,2,13,70,0,1,1,1,2,0,345,4
41,11,MidCentral,178238,178098,2,0,15,123,2,2,0,4,5,0,175,4
41,9,Hawkes.Bay,165360,165356,0,0,0,4,0,0,0,0,0,0,152,4
41,16,West.Coast,32445,32441,0,1,0,3,0,0,1,0,1,0,33,4
41,0,Northland,178499,178203,4,3,39,250,1,4,1,6,8,0,210,4
41,10,Whanganui,64564,64511,1,2,8,42,1,1,0,0,1,0,73,4
41,17,Canterbury,562852,560985,17,35,221,1594,18,17,24,29,49,1,784,4
41,13,Capital.and.Coast,316620,316427,0,3,16,174,0,0,1,2,4,0,317,4
41,18,South.Canterbury,60024,59944,1,0,10,69,1,1,0,0,4,0,69,4
41,8,Taranaki,119640,119559,2,1,11,67,0,2,1,3,3,0,132,4
41,14,Wairarapa,44845,44799,1,0,3,42,0,1,0,0,1,0,55,4
41,15,Nelson.Marlborough,150279,150054,1,3,29,192,1,1,2,5,5,0,172,4
41,7,Tairawhiti,48965,48965,0,0,0,0,0,0,0,0,0,0,55,4
42,0,Northland,178499,178201,2,4,33,259,1,2,4,3,9,0,201,4
42,2,Auckland,538823,537242,16,17,192,1356,17,16,10,15,38,1,744,4
42,19,Southern,328230,328143,1,3,8,75,0,1,1,0,5,0,344,4
42,16,West.Coast,32445,32441,0,1,0,3,0,0,0,0,0,0,43,4
42,12,Hutt.Valley,149269,149211,0,1,6,51,1,0,1,2,1,0,148,4
42,4,Waikato,417123,416455,2,7,80,579,7,2,4,8,13,0,478,4
42,13,Capital.and.Coast,316620,316426,1,2,14,177,0,1,0,1,3,0,307,4
42,3,Counties.Manukau,557781,557046,4,14,78,639,9,4,12,11,25,0,619,4
42,18,South.Canterbury,60024,59942,2,1,10,69,1,2,1,0,0,0,74,4
42,6,Bay.of.Plenty,236820,236795,0,0,2,23,0,0,0,1,0,0,242,4
42,8,Taranaki,119640,119557,2,2,8,71,0,2,2,1,4,0,131,4
42,10,Whanganui,64564,64510,1,1,6,46,1,1,1,2,4,0,73,4
42,15,Nelson.Marlborough,150279,150049,5,2,26,197,1,5,1,2,5,0,202,4
42,7,Tairawhiti,48965,48965,0,0,0,0,0,0,0,0,0,0,58,4
42,14,Wairarapa,44845,44799,0,1,3,42,0,0,1,0,0,0,53,4
42,17,Canterbury,562851,560967,18,26,198,1642,19,18,17,26,48,1,749,4
42,1,Waitemata,622341,621189,9,21,116,1006,9,9,15,20,28,1,746,4
42,11,MidCentral,178238,178097,1,2,13,125,2,1,2,0,2,0,154,4
42,5,Lakes,110040,110008,0,0,4,28,0,0,0,1,1,0,114,4
42,9,Hawkes.Bay,165360,165356,0,0,0,4,0,0,0,0,0,0,163,4
43,16,West.Coast,32445,32441,0,0,1,3,0,0,0,1,0,0,25,4
43,10,Whanganui,64564,64509,1,2,5,47,1,1,1,0,1,0,66,4
43,3,Counties.Manukau,557781,557041,5,4,77,654,9,5,4,14,15,0,577,4
43,6,Bay.of.Plenty,236820,236795,0,0,2,23,0,0,0,0,0,0,265,4
43,5,Lakes,110040,110008,0,0,3,29,0,0,0,0,1,0,118,4
43,9,Hawkes.Bay,165360,165356,0,0,0,4,0,0,0,0,0,0,175,4
43,7,Tairawhiti,48965,48965,0,0,0,0,0,0,0,0,0,0,52,4
43,17,Canterbury,562851,560952,15,28,175,1681,19,15,18,16,39,0,659,4
43,0,Northland,178499,178197,4,2,33,263,1,4,2,4,4,0,216,4
43,8,Taranaki,119640,119557,0,2,9,72,0,0,2,2,1,0,132,4
43,12,Hutt.Valley,149269,149211,0,0,6,52,1,0,0,1,1,0,153,4
43,15,Nelson.Marlborough,150279,150043,6,5,24,201,1,6,5,2,4,0,163,4
43,14,Wairarapa,44845,44799,0,0,3,43,0,0,0,1,1,0,39,4
43,11,MidCentral,178238,178096,1,1,12,128,2,1,1,2,3,0,192,4
43,18,South.Canterbury,60024,59942,0,2,8,72,1,0,2,1,3,0,60,4
43,19,Southern,328230,328143,0,2,7,78,0,0,1,2,3,0,322,4
43,1,Waitemata,622341,621181,8,15,111,1026,9,8,9,15,20,0,714,4
43,4,Waikato,417123,416450,5,5,69,594,7,5,2,4,15,0,498,4
43,2,Auckland,538822,537226,16,24,164,1392,18,16,16,9,36,1,687,4
43,13,Capital.and.Coast,316620,316425,1,2,13,179,0,1,1,1,2,0,331,4
44,2,Auckland,538821,537213,13,26,149,1420,19,13,16,14,28,1,652,4
44,0,Northland,178499,178192,5,4,31,267,1,5,4,2,4,0,207,4
44,6,Bay.of.Plenty,236820,236795,0,0,1,24,0,0,0,0,1,0,220,4
44,4,Waikato,417122,416444,6,7,59,606,8,6,5,3,12,1,461,4
44,10,Whanganui,64564,64509,0,1,7,47,1,0,1,2,0,0,67,4
44,14,Wairarapa,44845,44799,0,0,3,43,0,0,0,0,0,0,50,4
44,11,MidCentral,178238,178095,1,1,12,129,2,1,1,1,1,0,184,4
44,12,Hutt.Valley,149269,149211,0,0,6,52,1,0,0,0,0,0,159,4
44,17,Canterbury,562851,560941,11,25,144,1730,19,11,15,18,49,0,688,4
44,13,Capital.and.Coast,316620,316425,0,1,11,183,0,0,1,2,4,0,293,4
44,1,Waitemata,622340,621173,8,17,91,1051,10,8,8,6,25,1,694,4
44,5,Lakes,110040,110007,1,0,2,30,0,1,0,0,1,0,114,4
44,16,West.Coast,32445,32441,0,0,1,3,0,0,0,0,0,0,31,4
44,8,Taranaki,119640,119556,1,0,11,72,0,1,0,2,0,0,132,4
44,19,Southern,328230,328142,1,1,7,79,0,1,0,1,1,0,328,4
44,3,Counties.Manukau,557781,557035,6,5,68,667,9,6,5,4,13,0,616,4
44,9,Hawkes.Bay,165360,165356,0,0,0,4,0,0,0,0,0,0,142,4
44,15,Nelson.Marlborough,150279,150039,4,7,24,205,1,4,6,4,4,0,169,4
44,18,South.Canterbury,60024,59942,0,0,7,75,1,0,0,2,3,0,65,4
44,7,Tairawhiti,48965,48965,0,0,0,0,0,0,0,0,0,0,37,4
45,11,MidCentral,178238,178094,1,2,12,129,2,1,1,0,0,0,198,4
45,3,Counties.Manukau,557781,557031,4,7,57,682,9,4,6,4,15,0,631,4
45,12,Hutt.Valley,149269,149211,0,0,4,54,1,0,0,0,2,0,143,4
45,2,Auckland,538821,537198,15,23,134,1451,19,15,13,16,31,0,693,4
45,4,Waikato,417122,416439,5,8,53,617,8,5,6,5,11,0,487,4
45,7,Tairawhiti,48965,48965,0,0,0,0,0,0,0,0,0,0,55,4
45,14,Wairarapa,44845,44799,0,0,3,43,0,0,0,0,0,0,45,4
45,19,Southern,328230,328142,0,2,6,80,0,0,1,0,1,0,364,4
45,15,Nelson.Marlborough,150279,150036,3,8,22,210,1,3,4,3,5,0,150,4
45,13,Capital.and.Coast,316620,316422,3,1,10,184,0,3,0,0,1,0,307,4
45,9,Hawkes.Bay,165360,165356,0,0,0,4,0,0,0,0,0,0,168,4
45,6,Bay.of.Plenty,236820,236795,0,0,1,24,0,0,0,0,0,0,238,4
45,18,South.Canterbury,60024,59942,0,0,6,76,1,0,0,0,1,0,65,4
45,0,Northland,178499,178188,4,5,30,272,1,4,5,4,5,0,200,4
45,5,Lakes,110040,110007,0,1,0,32,0,0,1,0,2,0,109,4
45,10,Whanganui,64564,64508,1,0,6,49,1,1,0,1,2,0,67,4
45,8,Taranaki,119640,119556,0,1,9,74,0,0,1,0,2,0,124,4
45,17,Canterbury,562850,560931,10,20,135,1754,20,10,11,16,24,1,716,4
45,1,Waitemata,622340,621167,6,14,85,1068,10,6,8,11,17,0,668,4
45,16,West.Coast,32445,32441,0,0,1,3,0,0,0,0,0,0,32,4
46,16,West.Coast,32445,32441,0,0,1,3,0,0,0,0,0,0,47,4
46,12,Hutt.Valley,149269,149210,1,0,4,54,1,1,0,0,0,0,158,4
46,0,Northland,178499,178186,2,8,26,277,1,2,4,1,5,0,189,4
46,18,South.Canterbury,60024,59942,0,0,5,77,1,0,0,0,1,0,70,4
46,8,Taranaki,119640,119556,0,0,10,74,0,0,0,1,0,0,109,4
46,14,Wairarapa,44845,44799,0,0,1,45,0,0,0,0,2,0,30,4
46,5,Lakes,110040,110007,0,0,1,32,0,0,0,1,0,0,112,4
46,15,Nelson.Marlborough,150279,150032,4,5,26,212,1,4,3,6,2,0,181,4
46,3,Counties.Manukau,557781,557028,3,6,53,691,9,3,4,5,9,0,607,4
46,6,Bay.of.Plenty,236820,236795,0,0,1,24,0,0,0,0,0,0,237,4
46,2,Auckland,538821,537183,15,19,117,1487,19,15,15,19,36,0,678,4
46,4,Waikato,417122,416438,1,6,52,625,8,1,5,7,8,0,445,4
46,19,Southern,328230,328141,1,1,5,82,0,1,0,1,2,0,331,4
46,17,Canterbury,562850,560922,9,16,125,1778,20,9,10,14,24,0,661,4
46,10,Whanganui,64564,64507,1,1,6,49,1,1,1,0,0,0,78,4
46,11,MidCentral,178238,178092,2,2,10,132,2,2,1,1,3,0,169,4
46,13,Capital.and.Coast,316620,316422,0,3,8,187,0,0,3,1,3,0,317,4
46,9,Hawkes.Bay,165360,165356,0,0,0,4,0,0,0,0,0,0,145,4
46,1,Waitemata,622340,621161,6,12,68,1093,10,6,6,8,25,0,688,4
46,7,Tairawhiti,48965,48965,0,0,0,0,0,0,0,0,0,0,29,4
47,19,Southern,328230,328140,1,1,4,84,0,1,1,1,2,0,313,4
47,14,Wairarapa,44845,44799,0,0,1,45,0,0,0,0,0,0,47,4
47,5,Lakes,110040,110007,0,0,1,32,0,0,0,0,0,0,110,4
47,17,Canterbury,562850,560913,9,16,114,1798,20,9,9,9,20,0,690,4
47,7,Tairawhiti,48965,48965,0,0,0,0,0,0,0,0,0,0,49,4
47,6,Bay.of.Plenty,236820,236795,0,0,1,24,0,0,0,0,0,0,237,4
47,3,Counties.Manukau,557781,557023,5,4,47,702,9,5,3,5,11,0,598,4
47,10,Whanganui,64564,64506,1,1,6,50,1,1,1,1,1,0,71,4
47,0,Northland,178499,178185,1,4,29,280,1,1,2,6,3,0,205,4
47,4,Waikato,417121,416435,3,3,42,638,9,3,1,4,13,1,476,4
47,9,Hawkes.Bay,165360,165356,0,0,0,4,0,0,0,0,0,0,153,4
47,15,Nelson.Marlborough,150278,150030,2,7,25,214,2,2,4,2,2,1,159,4
47,1,Waitemata,622340,621149,12,8,66,1105,10,12,6,10,12,0,702,4
47,13,Capital.and.Coast,316620,316422,0,0,8,190,0,0,0,3,3,0,362,4
47,11,MidCentral,178238,178091,1,2,11,133,2,1,2,2,1,0,179,4
47,18,South.Canterbury,60024,59940,2,0,4,78,1,2,0,0,1,0,81,4
47,8,Taranaki,119640,119555,1,0,8,76,0,1,0,0,2,0,134,4
47,12,Hutt.Valley,149269,149210,0,1,3,55,1,0,1,0,1,0,137,4
47,2,Auckland,538820,537169,14,21,106,1510,20,14,15,13,23,1,635,4
47,16,West.Coast,32445,32441,0,0,1,3,0,0,0,0,0,0,41,4
48,10,Whanganui,64564,64505,1,1,5,52,1,1,1,1,2,0,55,4
48,3,Counties.Manukau,557781,557020,3,8,42,708,9,3,5,1,6,0,574,4
48,4,Waikato,417121,416432,3,4,34,648,9,3,3,2,10,0,452,4
48,14,Wairarapa,44845,44799,0,0,1,45,0,0,0,0,0,0,48,4
48,11,MidCentral,178237,178091,0,3,7,136,3,0,1,0,3,1,191,4
48,5,Lakes,110040,110007,0,0,1,32,0,0,0,0,0,0,114,4
48,7,Tairawhiti,48965,48965,0,0,0,0,0,0,0,0,0,0,48,4
48,6,Bay.of.Plenty,236820,236795,0,0,1,24,0,0,0,0,0,0,249,4
48,15,Nelson.Marlborough,150278,150027,3,5,22,221,2,3,2,4,7,0,176,4
48,12,Hutt.Valley,149269,149210,0,1,2,56,1,0,0,0,1,0,156,4
48,19,Southern,328230,328140,0,1,5,84,0,0,1,1,0,0,327,4
48,18,South.Canterbury,60024,59940,0,2,4,78,1,0,2,0,0,0,53,4
48,9,Hawkes.Bay,165360,165356,0,0,0,4,0,0,0,0,0,0,171,4
48,17,Canterbury,562850,560905,8,16,104,1817,20,8,9,9,19,0,653,4
48,2,Auckland,538820,537159,10,22,101,1528,20,10,14,13,18,0,687,4
48,13,Capital.and.Coast,316620,316422,0,0,6,192,0,0,0,0,2,0,312,4
48,16,West.Coast,32445,32441,0,0,0,4,0,0,0,0,1,0,43,4
48,0,Northland,178498,178179,6,1,29,283,2,6,1,4,3,1,219,4
48,8,Taranaki,119640,119553,2,1,7,77,0,2,1,0,1,0,126,4
48,1,Waitemata,622340,621147,2,15,57,1119,10,2,12,5,14,0,679,4
49,10,Whanganui,64564,64505,0,1,4,54,1,0,1,1,2,0,85,4
49,16,West.Coast,32445,32441,0,0,0,4,0,0,0,0,0,0,33,4
49,0,Northland,178498,178174,5,7,23,289,2,5,6,0,6,0,209,4
49,11,MidCentral,178237,178091,0,1,8,137,3,0,0,2,1,0,195,4
49,19,Southern,328230,328140,0,1,4,85,0,0,0,0,1,0,382,4
49,7,Tairawhiti,48965,48965,0,0,0,0,0,0,0,0,0,0,45,4
49,9,Hawkes.Bay,165360,165356,0,0,0,4,0,0,0,0,0,0,166,4
49,5,Lakes,110040,110007,0,0,1,32,0,0,0,0,0,0,107,4
49,18,South.Canterbury,60024,59940,0,0,5,79,1,0,0,2,1,0,59,4
49,12,Hutt.Valley,149269,149210,0,0,3,56,1,0,0,1,0,0,147,4
49,3,Counties.Manukau,557781,557017,3,5,37,719,9,3,3,6,11,0,626,4
49,13,Capital.and.Coast,316620,316422,0,0,5,193,0,0,0,0,1,0,319,4
49,6,Bay.of.Plenty,236820,236795,0,0,1,24,0,0,0,0,0,0,231,4
49,1,Waitemata,622340,621141,6,5,55,1133,10,6,2,12,14,0,650,4
49,17,Canterbury,562850,560898,7,16,91,1838,20,7,8,8,21,0,614,4
49,2,Auckland,538820,537152,7,18,97,1546,20,7,10,14,18,0,594,4
49,14,Wairarapa,44845,44799,0,0,1,45,0,0,0,0,0,0,45,4
49,15,Nelson.Marlborough,150278,150026,1,5,20,226,2,1,3,3,5,0,167,4
49,4,Waikato,417121,416431,1,4,32,653,9,1,3,3,5,0,462,4
49,8,Taranaki,119640,119553,0,3,6,78,0,0,2,0,1,0,125,4
50,2,Auckland,538820,537145,7,14,92,1562,20,7,7,11,16,0,601,4
50,5,Lakes,110040,110007,0,0,1,32,0,0,0,0,0,0,109,4
50,12,Hutt.Valley,149269,149209,1,0,2,57,1,1,0,0,1,0,127,4
50,16,West.Coast,32445,32441,0,0,0,4,0,0,0,0,0,0,43,4
50,11,MidCentral,178237,178091,0,0,7,139,3,0,0,1,2,0,201,4
50,0,Northland,178498,178170,4,6,24,294,2,4,5,6,5,0,191,4
50,19,Southern,328230,328140,0,0,4,86,0,0,0,1,1,0,336,4
50,7,Tairawhiti,48965,48965,0,0,0,0,0,0,0,0,0,0,62,4
50,13,Capital.and.Coast,316620,316422,0,0,4,194,0,0,0,0,1,0,313,4
50,4,Waikato,417121,416431,0,3,29,658,9,0,1,2,5,0,480,4
50,3,Counties.Manukau,557781,557014,3,5,32,727,9,3,3,3,8,0,625,4
50,17,Canterbury,562850,560891,7,11,90,1851,20,7,7,12,13,0,639,4
50,6,Bay.of.Plenty,236820,236795,0,0,1,24,0,0,0,0,0,0,251,4
50,10,Whanganui,64564,64505,0,1,3,55,1,0,0,0,1,0,74,4
50,18,South.Canterbury,60024,59939,1,0,4,80,1,1,0,0,1,0,64,4
50,1,Waitemata,622340,621138,3,7,51,1141,10,3,6,4,8,0,623,4
50,8,Taranaki,119640,119553,0,3,6,78,0,0,0,0,0,0,137,4
50,15,Nelson.Marlborough,150278,150026,0,1,24,227,2,0,1,5,1,0,185,4
50,9,Hawkes.Bay,165360,165356,0,0,0,4,0,0,0,0,0,0,163,4
50,14,Wairarapa,44845,44799,0,0,1,45,0,0,0,0,0,0,50,4
51,9,Hawkes.Bay,165360,165356,0,0,0,4,0,0,0,0,0,0,174,4
51,15,Nelson.Marlborough,150277,150024,2,0,19,232,3,2,0,1,5,1,170,4
51,11,MidCentral,178237,178090,1,0,5,141,3,1,0,0,2,0,214,4
51,3,Counties.Manukau,557781,557011,3,3,33,731,9,3,3,5,4,0,642,4
51,0,Northland,178498,178166,4,6,23,299,2,4,4,4,5,0,234,4
51,4,Waikato,417121,416429,2,1,23,666,9,2,0,2,8,0,435,4
51,8,Taranaki,119640,119553,0,2,6,79,0,0,0,1,1,0,108,4
51,6,Bay.of.Plenty,236820,236795,0,0,0,25,0,0,0,0,1,0,230,4
51,18,South.Canterbury,60024,59938,1,1,3,81,1,1,1,0,1,0,70,4
51,5,Lakes,110040,110007,0,0,1,32,0,0,0,0,0,0,112,4
51,7,Tairawhiti,48965,48965,0,0,0,0,0,0,0,0,0,0,62,4
51,10,Whanganui,64564,64505,0,1,3,55,1,0,0,0,0,0,63,4
51,14,Wairarapa,44845,44799,0,0,1,45,0,0,0,0,0,0,40,4
51,17,Canterbury,562850,560886,5,12,83,1864,20,5,7,6,13,0,625,4
51,1,Waitemata,622340,621133,5,7,44,1151,10,5,3,3,10,0,653,4
51,13,Capital.and.Coast,316620,316421,1,0,3,195,0,1,0,0,1,0,298,4
51,19,Southern,328230,328139,1,0,3,87,0,1,0,0,1,0,335,4
51,2,Auckland,538820,537139,6,10,91,1574,20,6,7,11,12,0,589,4
51,12,Hutt.Valley,149269,149209,0,1,2,57,1,0,1,0,0,0,184,4
51,16,West.Coast,32445,32441,0,0,0,4,0,0,0,0,0,0,42,4
52,1,Waitemata,622340,621126,7,7,37,1163,10,7,5,5,12,0,679,4
52,12,Hutt.Valley,149269,149208,1,0,3,57,1,1,0,1,0,0,140,4
52,17,Canterbury,562850,560879,7,9,73,1882,20,7,5,8,18,0,603,4
52,11,MidCentral,178237,178089,1,1,5,141,3,1,1,0,0,0,154,4
52,5,Lakes,110040,110007,0,0,1,32,0,0,0,0,0,0,120,4
52,15,Nelson.Marlborough,150277,150023,1,2,16,235,3,1,2,0,3,0,188,4
52,2,Auckland,538820,537133,6,8,73,1600,20,6,6,8,26,0,668,4
52,10,Whanganui,64564,64505,0,1,3,55,1,0,0,0,0,0,80,4
52,13,Capital.and.Coast,316620,316421,0,1,3,195,0,0,1,0,0,0,340,4
52,19,Southern,328230,328139,0,1,2,88,0,0,1,0,1,0,333,4
52,7,Tairawhiti,48965,48965,0,0,0,0,0,0,0,0,0,0,51,4
52,18,South.Canterbury,60024,59938,0,2,3,81,1,0,1,0,0,0,58,4
52,16,West.Coast,32445,32441,0,0,0,4,0,0,0,0,0,0,34,4
52,6,Bay.of.Plenty,236820,236795,0,0,0,25,0,0,0,0,0,0,273,4
52,0,Northland,178498,178165,1,6,26,300,2,1,4,4,1,0,204,4
52,14,Wairarapa,44845,44799,0,0,1,45,0,0,0,0,0,0,39,4
52,9,Hawkes.Bay,165360,165356,0,0,0,4,0,0,0,0,0,0,167,4
52,4,Waikato,417121,416428,1,2,21,669,9,1,2,1,3,0,435,4
52,8,Taranaki,119640,119553,0,1,6,80,0,0,0,1,1,0,124,4
52,3,Counties.Manukau,557781,557010,1,4,32,734,9,1,3,2,3,0,577,4
53,17,Canterbury,562850,560869,10,12,62,1897,20,10,7,4,15,0,635,4
53,16,West.Coast,32445,32441,0,0,0,4,0,0,0,0,0,0,27,4
53,8,Taranaki,119640,119553,0,0,7,80,0,0,0,1,0,0,115,4
53,12,Hutt.Valley,149269,149207,1,1,3,57,1,1,1,0,0,0,159,4
53,14,Wairarapa,44845,44799,0,0,1,45,0,0,0,0,0,0,40,4
53,18,South.Canterbury,60024,59938,0,1,2,83,1,0,0,1,2,0,56,4
53,5,Lakes,110040,110007,0,0,1,32,0,0,0,0,0,0,108,4
53,6,Bay.of.Plenty,236820,236795,0,0,0,25,0,0,0,0,0,0,246,4
53,7,Tairawhiti,48965,48965,0,0,0,0,0,0,0,0,0,0,40,4
53,3,Counties.Manukau,557781,557009,1,1,30,740,9,1,1,4,6,0,594,4
53,0,Northland,178498,178165,0,1,26,306,2,0,1,6,6,0,198,4
53,4,Waikato,417121,416427,1,2,20,671,9,1,1,1,2,0,435,4
53,11,MidCentral,178237,178089,0,2,3,143,3,0,1,0,2,0,153,4
53,9,Hawkes.Bay,165360,165356,0,0,0,4,0,0,0,0,0,0,174,4
53,15,Nelson.Marlborough,150277,150022,1,2,13,239,3,1,1,1,4,0,154,4
53,13,Capital.and.Coast,316620,316420,1,1,3,195,0,1,0,0,0,0,313,4
53,2,Auckland,538819,537127,6,9,60,1617,21,6,6,5,17,1,604,4
53,10,Whanganui,64564,64505,0,0,3,56,1,0,0,1,1,0,79,4
53,19,Southern,328230,328138,1,0,2,89,0,1,0,1,1,0,318,4
53,1,Waitemata,622340,621124,2,10,38,1166,10,2,7,4,3,0,710,4
54,13,Capital.and.Coast,316620,316419,1,2,2,196,0,1,1,0,1,0,310,4
54,6,Bay.of.Plenty,236820,236795,0,0,0,25,0,0,0,0,0,0,244,4
54,1,Waitemata,622340,621122,2,4,39,1173,10,2,2,8,7,0,670,4
54,0,Northland,178498,178162,3,0,20,313,2,3,0,1,7,0,209,4
54,10,Whanganui,64564,64505,0,0,3,56,1,0,0,0,0,0,68,4
54,19,Southern,328230,328137,1,1,2,89,0,1,1,0,0,0,320,4
54,8,Taranaki,119640,119551,2,0,6,81,0,2,0,0,1,0,123,4
54,17,Canterbury,562850,560862,7,15,58,1908,20,7,10,7,11,0,617,4
54,12,Hutt.Valley,149269,149207,0,1,4,57,1,0,1,1,0,0,130,4
54,5,Lakes,110040,110007,0,0,0,33,0,0,0,0,1,0,111,4
54,7,Tairawhiti,48965,48965,0,0,0,0,0,0,0,0,0,0,45,4
54,15,Nelson.Marlborough,150277,150022,0,1,12,242,3,0,1,2,3,0,159,4
54,3,Counties.Manukau,557781,557006,3,2,25,745,9,3,1,0,5,0,589,4
54,14,Wairarapa,44845,44799,0,0,1,45,0,0,0,0,0,0,44,4
54,4,Waikato,417121,416426,1,1,20,673,9,1,1,2,2,0,463,4
54,18,South.Canterbury,60024,59938,0,1,1,84,1,0,0,0,1,0,62,4
54,16,West.Coast,32445,32441,0,0,0,4,0,0,0,0,0,0,43,4
54,2,Auckland,538819,537124,3,8,57,1627,21,3,6,7,10,0,575,4
54,9,Hawkes.Bay,165360,165356,0,0,0,4,0,0,0,0,0,0,157,4
54,11,MidCentral,178237,178088,1,1,4,143,3,1,0,1,0,0,186,4
55,9,Hawkes.Bay,165360,165356,0,0,0,4,0,0,0,0,0,0,165,4
55,8,Taranaki,119640,119551,0,2,5,82,0,0,2,0,1,0,113,4
55,10,Whanganui,64564,64504,1,0,3,56,1,1,0,0,0,0,72,4
55,4,Waikato,417121,416425,1,1,19,675,9,1,1,1,2,0,459,4
55,17,Canterbury,562850,560860,2,12,60,1916,20,2,7,10,8,0,620,4
55,1,Waitemata,622340,621122,0,3,36,1179,10,0,2,3,6,0,618,4
55,14,Wairarapa,44845,44799,0,0,1,45,0,0,0,0,0,0,41,4
55,15,Nelson.Marlborough,150277,150021,1,0,12,243,3,1,0,1,1,0,163,4
55,5,Lakes,110040,110007,0,0,0,33,0,0,0,0,0,0,119,4
55,3,Counties.Manukau,557781,557005,1,3,22,750,9,1,3,2,5,0,616,4
55,19,Southern,328230,328136,1,2,0,91,0,1,1,0,2,0,359,4
55,12,Hutt.Valley,149269,149207,0,0,5,57,1,0,0,1,0,0,135,4
55,2,Auckland,538819,537117,7,6,53,1636,21,7,3,5,9,0,563,4
55,13,Capital.and.Coast,316620,316419,0,3,2,196,0,0,1,0,0,0,303,4
55,16,West.Coast,32445,32441,0,0,0,4,0,0,0,0,0,0,22,4
55,6,Bay.of.Plenty,236820,236795,0,0,0,25,0,0,0,0,0,0,251,4
55,7,Tairawhiti,48965,48965,0,0,0,0,0,0,0,0,0,0,51,4
55,18,South.Canterbury,60024,59938,0,1,1,84,1,0,0,0,0,0,73,4
55,11,MidCentral,178237,178088,0,2,2,145,3,0,1,0,2,0,184,4
55,0,Northland,178498,178161,1,3,19,314,2,1,3,0,1,0,185,4
56,19,Southern,328230,328136,0,1,2,91,0,0,1,2,0,0,347,4
56,6,Bay.of.Plenty,236820,236795,0,0,0,25,0,0,0,0,0,0,214,4
56,16,West.Coast,32445,32441,0,0,0,4,0,0,0,0,0,0,42,4
56,7,Tairawhiti,48965,48965,0,0,0,0,0,0,0,0,0,0,39,4
56,4,Waikato,417121,416424,1,2,14,680,9,1,1,0,5,0,404,4
56,11,MidCentral,178237,178088,0,1,3,145,3,0,0,1,0,0,159,4
56,10,Whanganui,64564,64504,0,1,2,57,1,0,1,0,1,0,69,4
56,14,Wairarapa,44845,44799,0,0,1,45,0,0,0,0,0,0,46,4
56,5,Lakes,110040,110007,0,0,0,33,0,0,0,0,0,0,117,4
56,9,Hawkes.Bay,165360,165356,0,0,0,4,0,0,0,0,0,0,182,4
56,12,Hutt.Valley,149269,149207,0,0,5,57,1,0,0,0,0,0,170,4
56,1,Waitemata,622340,621120,2,1,33,1184,10,2,0,2,5,0,653,4
56,18,South.Canterbury,60024,59938,0,1,0,85,1,0,0,0,1,0,72,4
56,8,Taranaki,119640,119551,0,1,5,83,0,0,0,1,1,0,122,4
56,15,Nelson.Marlborough,150277,150021,0,1,8,247,3,0,1,0,4,0,155,4
56,13,Capital.and.Coast,316620,316419,0,0,4,197,0,0,0,3,1,0,321,4
56,0,Northland,178498,178159,2,2,16,319,2,2,1,2,5,0,196,4
56,17,Canterbury,562850,560858,2,4,56,1930,20,2,2,10,14,0,602,4
56,2,Auckland,538819,537115,2,9,44,1649,21,2,7,4,13,0,558,4
56,3,Counties.Manukau,557781,557003,2,3,14,759,9,2,1,1,9,0,546,4
57,14,Wairarapa,44845,44799,0,0,1,45,0,0,0,0,0,0,38,4
57,5,Lakes,110040,110007,0,0,0,33,0,0,0,0,0,0,117,4
57,10,Whanganui,64564,64504,0,0,3,57,1,0,0,1,0,0,74,4
57,8,Taranaki,119640,119551,0,0,6,83,0,0,0,1,0,0,141,4
57,18,South.Canterbury,60024,59938,0,0,1,85,1,0,0,1,0,0,68,4
57,1,Waitemata,622340,621118,2,3,27,1190,10,2,2,0,6,0,661,4
57,9,Hawkes.Bay,165360,165356,0,0,0,4,0,0,0,0,0,0,152,4
57,3,Counties.Manukau,557781,557001,2,2,14,762,9,2,2,3,3,0,546,4
57,11,MidCentral,178237,178088,0,0,4,145,3,0,0,1,0,0,191,4
57,0,Northland,178498,178159,0,3,15,321,2,0,2,1,2,0,205,4
57,15,Nelson.Marlborough,150277,150020,1,0,9,247,3,1,0,1,0,0,162,4
57,7,Tairawhiti,48965,48965,0,0,0,0,0,0,0,0,0,0,40,4
57,6,Bay.of.Plenty,236820,236795,0,0,0,25,0,0,0,0,0,0,244,4
57,13,Capital.and.Coast,316620,316418,1,0,4,197,0,1,0,0,0,0,311,4
57,12,Hutt.Valley,149269,149207,0,0,3,59,1,0,0,0,2,0,151,4
57,19,Southern,328230,328136,0,0,3,91,0,0,0,1,0,0,367,4
57,4,Waikato,417121,416424,0,3,11,683,9,0,1,0,3,0,431,4
57,16,West.Coast,32445,32441,0,0,0,4,0,0,0,0,0,0,36,4
57,2,Auckland,538819,537113,2,4,44,1656,21,2,2,7,7,0,570,4
57,17,Canterbury,562849,560854,4,4,49,1938,21,4,2,2,8,1,599,4
58,0,Northland,178498,178158,1,0,15,324,2,1,0,3,3,0,172,4
58,14,Wairarapa,44845,44799,0,0,1,45,0,0,0,0,0,0,49,4
58,19,Southern,328230,328136,0,0,2,92,0,0,0,0,1,0,332,4
58,10,Whanganui,64564,64503,1,0,1,59,1,1,0,0,2,0,63,4
58,1,Waitemata,622340,621115,3,3,24,1195,10,3,2,2,5,0,681,4
58,13,Capital.and.Coast,316620,316418,0,1,2,199,0,0,1,0,2,0,330,4
58,5,Lakes,110040,110007,0,0,0,33,0,0,0,0,0,0,122,4
58,7,Tairawhiti,48965,48965,0,0,0,0,0,0,0,0,0,0,46,4
58,9,Hawkes.Bay,165360,165356,0,0,0,4,0,0,0,0,0,0,138,4
58,2,Auckland,538819,537107,6,4,33,1669,21,6,2,2,13,0,554,4
58,16,West.Coast,32445,32441,0,0,0,4,0,0,0,0,0,0,35,4
58,12,Hutt.Valley,149269,149206,1,0,3,59,1,1,0,0,0,0,137,4
58,6,Bay.of.Plenty,236820,236795,0,0,0,25,0,0,0,0,0,0,256,4
58,18,South.Canterbury,60024,59938,0,0,0,86,1,0,0,0,1,0,50,4
58,11,MidCentral,178237,178088,0,0,3,146,3,0,0,0,1,0,175,4
58,15,Nelson.Marlborough,150277,150019,1,1,9,247,3,1,1,0,0,0,170,4
58,4,Waikato,417121,416423,1,1,10,686,9,1,0,2,3,0,432,4
58,8,Taranaki,119640,119550,1,0,5,84,0,1,0,0,1,0,142,4
58,17,Canterbury,562849,560851,3,5,39,1951,21,3,4,3,13,0,576,4
58,3,Counties.Manukau,557781,556999,2,3,13,764,9,2,2,1,2,0,568,4
59,14,Wairarapa,44845,44799,0,0,0,46,0,0,0,0,1,0,35,4
59,1,Waitemata,622340,621115,0,5,21,1199,10,0,3,1,4,0,617,4
59,15,Nelson.Marlborough,150277,150019,0,2,7,249,3,0,1,0,2,0,153,4
59,2,Auckland,538819,537106,1,6,31,1675,21,1,6,4,6,0,536,4
59,11,MidCentral,178237,178088,0,0,2,147,3,0,0,0,1,0,169,4
59,6,Bay.of.Plenty,236820,236795,0,0,0,25,0,0,0,0,0,0,213,4
59,4,Waikato,417121,416423,0,1,6,691,9,0,1,1,5,0,436,4
59,9,Hawkes.Bay,165360,165356,0,0,0,4,0,0,0,0,0,0,169,4
59,0,Northland,178497,178158,0,1,11,327,3,0,1,0,3,1,189,4
59,19,Southern,328230,328135,1,0,2,92,0,1,0,0,0,0,315,4
59,16,West.Coast,32445,32441,0,0,0,4,0,0,0,0,0,0,34,4
59,13,Capital.and.Coast,316620,316418,0,1,1,200,0,0,0,0,1,0,289,4
59,17,Canterbury,562849,560847,4,5,30,1963,21,4,3,3,12,0,554,4
59,7,Tairawhiti,48965,48965,0,0,0,0,0,0,0,0,0,0,46,4
59,3,Counties.Manukau,557781,556998,1,3,13,766,9,1,2,2,2,0,572,4
59,5,Lakes,110040,110007,0,0,0,33,0,0,0,0,0,0,107,4
59,12,Hutt.Valley,149269,149206,0,1,1,61,1,0,1,0,2,0,147,4
59,8,Taranaki,119640,119550,0,1,4,85,0,0,1,0,1,0,136,4
59,18,South.Canterbury,60024,59938,0,0,0,86,1,0,0,0,0,0,53,4
59,10,Whanganui,64564,64503,0,1,1,59,1,0,1,0,0,0,62,4
60,16,West.Coast,32445,32441,0,0,0,4,0,0,0,0,0,0,38,4
60,3,Counties.Manukau,557781,556996,2,1,16,766,9,2,1,3,0,0,562,4
60,19,Southern,328230,328135,0,1,1,93,0,0,1,0,1,0,344,4
60,10,Whanganui,64564,64503,0,0,2,59,1,0,0,1,0,0,56,4
60,15,Nelson.Marlborough,150277,150018,1,0,8,250,3,1,0,2,1,0,170,4
60,18,South.Canterbury,60024,59938,0,0,0,86,1,0,0,0,0,0,57,4
60,11,MidCentral,178237,178088,0,0,2,147,3,0,0,0,0,0,169,4
60,8,Taranaki,119640,119550,0,1,3,86,0,0,0,0,1,0,151,4
60,13,Capital.and.Coast,316620,316418,0,0,2,200,0,0,0,1,0,0,340,4
60,6,Bay.of.Plenty,236820,236795,0,0,0,25,0,0,0,0,0,0,214,4
60,12,Hutt.Valley,149269,149205,1,0,2,61,1,1,0,1,0,0,132,4
60,2,Auckland,538819,537104,2,3,26,1684,21,2,1,4,9,0,541,4
60,7,Tairawhiti,48965,48965,0,0,0,0,0,0,0,0,0,0,57,4
60,9,Hawkes.Bay,165360,165356,0,0,0,4,0,0,0,0,0,0,171,4
60,0,Northland,178497,178158,0,0,11,328,3,0,0,1,1,0,231,4
60,17,Canterbury,562849,560846,1,5,27,1970,21,1,4,4,7,0,593,4
60,5,Lakes,110040,110007,0,0,0,33,0,0,0,0,0,0,120,4
60,4,Waikato,417121,416423,0,1,6,691,9,0,0,0,0,0,433,4
60,14,Wairarapa,44845,44799,0,0,0,46,0,0,0,0,0,0,46,4
60,1,Waitemata,622340,621112,3,4,16,1205,10,3,0,1,6,0,672,4
61,2,Auckland,538819,537103,1,5,19,1691,21,1,2,0,7,0,536,4
61,1,Waitemata,622340,621110,2,4,17,1207,10,2,3,3,2,0,662,4
61,12,Hutt.Valley,149269,149205,0,1,2,61,1,0,1,0,0,0,140,4
61,9,Hawkes.Bay,165360,165356,0,0,0,4,0,0,0,0,0,0,161,4
61,0,Northland,178497,178158,0,0,8,331,3,0,0,0,3,0,172,4
61,19,Southern,328230,328134,1,1,1,93,0,1,0,0,0,0,338,4
61,15,Nelson.Marlborough,150277,150018,0,1,6,252,3,0,1,0,2,0,157,4
61,11,MidCentral,178237,178088,0,0,1,148,3,0,0,0,1,0,156,4
61,13,Capital.and.Coast,316620,316418,0,0,2,200,0,0,0,0,0,0,298,4
61,4,Waikato,417121,416423,0,0,5,693,9,0,0,1,2,0,425,4
61,18,South.Canterbury,60024,59938,0,0,0,86,1,0,0,0,0,0,64,4
61,16,West.Coast,32445,32441,0,0,0,4,0,0,0,0,0,0,34,4
61,6,Bay.of.Plenty,236820,236795,0,0,0,25,0,0,0,0,0,0,212,4
61,7,Tairawhiti,48965,48965,0,0,0,0,0,0,0,0,0,0,56,4
61,8,Taranaki,119640,119550,0,1,2,87,0,0,0,0,1,0,114,4
61,17,Canterbury,562849,560846,0,4,23,1976,21,0,1,2,6,0,585,4
61,3,Counties.Manukau,557781,556995,1,2,12,771,9,1,2,1,5,0,565,4
61,5,Lakes,110040,110007,0,0,0,33,0,0,0,0,0,0,122,4
61,10,Whanganui,64564,64503,0,0,2,59,1,0,0,0,0,0,79,4
61,14,Wairarapa,44845,44799,0,0,0,46,0,0,0,0,0,0,41,4
62,16,West.Coast,32445,32441,0,0,0,4,0,0,0,0,0,0,39,4
62,10,Whanganui,64564,64503,0,0,2,59,1,0,0,0,0,0,64,4
62,5,Lakes,110040,110007,0,0,0,33,0,0,0,0,0,0,101,4
62,6,Bay.of.Plenty,236820,236795,0,0,0,25,0,0,0,0,0,0,231,4
62,4,Waikato,417121,416423,0,0,4,694,9,0,0,0,1,0,377,4
62,0,Northland,178497,178158,0,0,5,334,3,0,0,0,3,0,191,4
62,18,South.Canterbury,60024,59938,0,0,0,86,1,0,0,0,0,0,66,4
62,11,MidCentral,178237,178088,0,0,1,148,3,0,0,0,0,0,186,4
62,14,Wairarapa,44845,44799,0,0,0,46,0,0,0,0,0,0,40,4
62,7,Tairawhiti,48965,48965,0,0,0,0,0,0,0,0,0,0,44,4
62,8,Taranaki,119640,119550,0,0,3,87,0,0,0,1,0,0,126,4
62,1,Waitemata,622340,621109,1,3,17,1210,10,1,2,3,3,0,634,4
62,19,Southern,328230,328134,0,1,2,93,0,0,1,1,0,0,313,4
62,3,Counties.Manukau,557781,556994,1,2,12,772,9,1,1,1,1,0,563,4
62,12,Hutt.Valley,149269,149205,0,1,2,61,1,0,0,0,0,0,146,4
62,17,Canterbury,562849,560842,4,1,19,1983,21,4,0,3,7,0,592,4
62,13,Capital.and.Coast,316620,316418,0,0,1,201,0,0,0,0,1,0,332,4
62,15,Nelson.Marlborough,150277,150018,0,0,6,253,3,0,0,1,1,0,149,4
62,9,Hawkes.Bay,165360,165356,0,0,0,4,0,0,0,0,0,0,146,4
62,2,Auckland,538819,537102,1,2,22,1692,21,1,1,4,1,0,537,4
63,14,Wairarapa,44845,44799,0,0,0,46,0,0,0,0,0,0,38,4
63,4,Waikato,417121,416423,0,0,4,694,9,0,0,0,0,0,396,4
63,13,Capital.and.Coast,316620,316418,0,0,0,202,0,0,0,0,1,0,332,4
63,16,West.Coast,32445,32441,0,0,0,4,0,0,0,0,0,0,32,4
63,10,Whanganui,64564,64503,0,0,2,59,1,0,0,0,0,0,63,4
63,8,Taranaki,119640,119550,0,0,3,87,0,0,0,0,0,0,118,4
63,3,Counties.Manukau,557781,556992,2,2,13,772,9,2,1,1,0,0,567,4
63,0,Northland,178497,178157,1,0,4,335,3,1,0,0,1,0,178,4
63,2,Auckland,538818,537101,1,1,17,1698,22,1,1,2,6,1,567,4
63,9,Hawkes.Bay,165360,165356,0,0,0,4,0,0,0,0,0,0,165,4
63,18,South.Canterbury,60024,59938,0,0,0,86,1,0,0,0,0,0,67,4
63,12,Hutt.Valley,149269,149205,0,0,3,61,1,0,0,1,0,0,152,4
63,17,Canterbury,562849,560840,2,5,15,1987,21,2,4,0,4,0,627,4
63,15,Nelson.Marlborough,150277,150018,0,0,4,255,3,0,0,0,2,0,173,4
63,6,Bay.of.Plenty,236820,236795,0,0,0,25,0,0,0,0,0,0,233,4
63,11,MidCentral,178237,178088,0,0,1,148,3,0,0,0,0,0,198,4
63,5,Lakes,110040,110007,0,0,0,33,0,0,0,0,0,0,110,4
63,7,Tairawhiti,48965,48965,0,0,0,0,0,0,0,0,0,0,65,4
63,19,Southern,328230,328134,0,0,2,94,0,0,0,1,1,0,333,4
63,1,Waitemata,622340,621107,2,2,16,1213,10,2,1,2,3,0,638,4
64,17,Canterbury,562849,560839,1,3,17,1989,21,1,2,4,2,0,627,4
64,7,Tairawhiti,48965,48965,0,0,0,0,0,0,0,0,0,0,41,4
64,8,Taranaki,119640,119550,0,0,1,89,0,0,0,0,2,0,111,4
64,4,Waikato,417121,416423,0,0,4,694,9,0,0,0,0,0,458,4
64,19,Southern,328230,328134,0,0,1,95,0,0,0,0,1,0,366,4
64,12,Hutt.Valley,149269,149204,1,0,2,62,1,1,0,0,1,0,144,4
64,13,Capital.and.Coast,316620,316418,0,0,0,202,0,0,0,0,0,0,309,4
64,5,Lakes,110040,110007,0,0,0,33,0,0,0,0,0,0,113,4
64,16,West.Coast,32445,32441,0,0,0,4,0,0,0,0,0,0,28,4
64,18,South.Canterbury,60024,59938,0,0,0,86,1,0,0,0,0,0,51,4
64,9,Hawkes.Bay,165360,165356,0,0,0,4,0,0,0,0,0,0,187,4
64,0,Northland,178497,178157,0,1,3,336,3,0,1,0,1,0,163,4
64,10,Whanganui,64564,64502,1,0,2,59,1,1,0,0,0,0,60,4
64,11,MidCentral,178237,178088,0,0,0,149,3,0,0,0,1,0,172,4
64,14,Wairarapa,44845,44799,0,0,0,46,0,0,0,0,0,0,59,4
64,15,Nelson.Marlborough,150277,150018,0,0,3,256,3,0,0,0,1,0,158,4
64,2,Auckland,538818,537100,1,1,14,1702,22,1,1,1,4,0,524,4
64,3,Counties.Manukau,557781,556992,0,3,12,774,9,0,2,1,2,0,552,4
64,6,Bay.of.Plenty,236820,236795,0,0,0,25,0,0,0,0,0,0,253,4
64,1,Waitemata,622340,621105,2,3,13,1217,10,2,2,1,4,0,632,4
65,4,Waikato,417121,416423,0,0,4,694,9,0,0,0,0,0,375,4
65,17,Canterbury,562849,560836,3,1,14,1995,21,3,1,3,6,0,573,4
65,1,Waitemata,622340,621104,1,3,15,1217,10,1,2,2,0,0,604,4
65,7,Tairawhiti,48965,48965,0,0,0,0,0,0,0,0,0,0,50,4
65,3,Counties.Manukau,557781,556990,2,1,11,777,9,2,0,2,3,0,557,4
65,18,South.Canterbury,60024,59938,0,0,0,86,1,0,0,0,0,0,63,4
65,8,Taranaki,119640,119550,0,0,1,89,0,0,0,0,0,0,135,4
65,19,Southern,328230,328134,0,0,1,95,0,0,0,0,0,0,344,4
65,12,Hutt.Valley,149269,149204,0,1,2,62,1,0,1,0,0,0,169,4
65,14,Wairarapa,44845,44799,0,0,0,46,0,0,0,0,0,0,51,4
65,13,Capital.and.Coast,316620,316418,0,0,0,202,0,0,0,0,0,0,330,4
65,2,Auckland,538818,537099,1,2,13,1703,22,1,1,0,1,0,509,4
65,16,West.Coast,32445,32441,0,0,0,4,0,0,0,0,0,0,43,4
65,6,Bay.of.Plenty,236820,236795,0,0,0,25,0,0,0,0,0,0,252,4
65,9,Hawkes.Bay,165360,165356,0,0,0,4,0,0,0,0,0,0,156,4
65,10,Whanganui,64564,64502,0,1,1,60,1,0,1,0,1,0,60,4
65,11,MidCentral,178237,178088,0,0,0,149,3,0,0,0,0,0,179,4
65,5,Lakes,110040,110007,0,0,0,33,0,0,0,0,0,0,132,4
65,15,Nelson.Marlborough,150277,150018,0,0,3,256,3,0,0,0,0,0,172,4
65,0,Northland,178497,178157,0,1,3,336,3,0,0,0,0,0,198,4
66,10,Whanganui,64564,64501,1,0,2,60,1,1,0,1,0,0,67,4
66,12,Hutt.Valley,149269,149204,0,0,3,62,1,0,0,1,0,0,145,4
66,8,Taranaki,119640,119550,0,0,1,89,0,0,0,0,0,0,131,4
66,16,West.Coast,32445,32441,0,0,0,4,0,0,0,0,0,0,29,4
66,1,Waitemata,622340,621103,1,2,12,1222,10,1,1,2,5,0,608,4
66,2,Auckland,538818,537098,1,1,15,1703,22,1,1,2,0,0,549,4
66,11,MidCentral,178237,178088,0,0,0,149,3,0,0,0,0,0,179,4
66,0,Northland,178497,178155,2,0,4,336,3,2,0,1,0,0,182,4
66,5,Lakes,110040,110007,0,0,0,33,0,0,0,0,0,0,115,4
66,17,Canterbury,562849,560835,1,4,12,1997,21,1,3,0,2,0,606,4
66,4,Waikato,417121,416423,0,0,4,694,9,0,0,0,0,0,395,4
66,7,Tairawhiti,48965,48965,0,0,0,0,0,0,0,0,0,0,59,4
66,19,Southern,328230,328134,0,0,1,95,0,0,0,0,0,0,366,4
66,15,Nelson.Marlborough,150277,150018,0,0,2,257,3,0,0,0,1,0,148,4
66,14,Wairarapa,44845,44799,0,0,0,46,0,0,0,0,0,0,41,4
66,3,Counties.Manukau,557781,556990,0,2,10,779,9,0,2,1,2,0,562,4
66,13,Capital.and.Coast,316620,316418,0,0,0,202,0,0,0,0,0,0,326,4
66,9,Hawkes.Bay,165360,165356,0,0,0,4,0,0,0,0,0,0,164,4
66,6,Bay.of.Plenty,236820,236795,0,0,0,25,0,0,0,0,0,0,271,4
66,18,South.Canterbury,60024,59938,0,0,0,86,1,0,0,0,0,0,63,4
67,9,Hawkes.Bay,165360,165356,0,0,0,4,0,0,0,0,0,0,193,4
67,1,Waitemata,622340,621102,1,2,12,1223,10,1,1,1,1,0,669,4
67,18,South.Canterbury,60024,59938,0,0,0,86,1,0,0,0,0,0,65,4
67,14,Wairarapa,44845,44799,0,0,0,46,0,0,0,0,0,0,43,4
67,7,Tairawhiti,48965,48965,0,0,0,0,0,0,0,0,0,0,51,4
67,13,Capital.and.Coast,316620,316418,0,0,0,202,0,0,0,0,0,0,354,4
67,5,Lakes,110040,110007,0,0,0,33,0,0,0,0,0,0,111,4
67,0,Northland,178497,178155,0,2,4,336,3,0,2,0,0,0,190,4
67,11,MidCentral,178237,178088,0,0,0,149,3,0,0,0,0,0,179,4
67,6,Bay.of.Plenty,236820,236795,0,0,0,25,0,0,0,0,0,0,241,4
67,2,Auckland,538818,537098,0,2,11,1707,22,0,1,0,4,0,525,4
67,16,West.Coast,32445,32441,0,0,0,4,0,0,0,0,0,0,26,4
67,15,Nelson.Marlborough,150277,150018,0,0,1,258,3,0,0,0,1,0,165,4
67,4,Waikato,417121,416422,1,0,2,696,9,1,0,0,2,0,448,4
67,8,Taranaki,119640,119550,0,0,1,89,0,0,0,0,0,0,145,4
67,17,Canterbury,562849,560835,0,2,13,1999,21,0,1,3,2,0,585,4
67,12,Hutt.Valley,149269,149204,0,0,2,63,1,0,0,0,1,0,173,4
67,19,Southern,328230,328134,0,0,1,95,0,0,0,0,0,0,339,4
67,10,Whanganui,64564,64501,0,1,1,61,1,0,1,0,1,0,72,4
67,3,Counties.Manukau,557781,556990,0,1,9,781,9,0,0,1,2,0,548,4
68,18,South.Canterbury,60024,59938,0,0,0,86,1,0,0,0,0,0,56,4
68,4,Waikato,417121,416422,0,1,2,696,9,0,1,0,0,0,449,4
68,9,Hawkes.Bay,165360,165356,0,0,0,4,0,0,0,0,0,0,149,4
68,3,Counties.Manukau,557781,556989,1,1,5,785,9,1,0,0,4,0,568,4
68,14,Wairarapa,44845,44799,0,0,0,46,0,0,0,0,0,0,40,4
68,1,Waitemata,622340,621101,1,2,12,1224,10,1,1,1,1,0,609,4
68,12,Hutt.Valley,149269,149204,0,0,1,64,1,0,0,0,1,0,155,4
68,5,Lakes,110040,110007,0,0,0,33,0,0,0,0,0,0,109,4
68,6,Bay.of.Plenty,236820,236795,0,0,0,25,0,0,0,0,0,0,233,4
68,17,Canterbury,562849,560834,1,0,13,2001,21,1,0,2,2,0,548,4
68,8,Taranaki,119640,119550,0,0,1,89,0,0,0,0,0,0,120,4
68,19,Southern,328230,328134,0,0,0,96,0,0,0,0,1,0,349,4
68,15,Nelson.Marlborough,150277,150018,0,0,1,258,3,0,0,0,0,0,164,4
68,16,West.Coast,32445,32441,0,0,0,4,0,0,0,0,0,0,32,4
68,13,Capital.and.Coast,316620,316418,0,0,0,202,0,0,0,0,0,0,286,4
68,7,Tairawhiti,48965,48965,0,0,0,0,0,0,0,0,0,0,46,4
68,0,Northland,178497,178155,0,1,4,337,3,0,0,1,1,0,178,4
68,11,MidCentral,178237,178088,0,0,0,149,3,0,0,0,0,0,178,4
68,2,Auckland,538818,537098,0,1,11,1708,22,0,0,1,1,0,524,4
68,10,Whanganui,64564,64501,0,0,2,61,1,0,0,1,0,0,71,4
69,15,Nelson.Marlborough,150277,150018,0,0,1,258,3,0,0,0,0,0,151,4
69,7,Tairawhiti,48965,48965,0,0,0,0,0,0,0,0,0,0,43,4
69,1,Waitemata,622340,621099,2,3,11,1225,10,2,1,0,1,0,627,4
69,12,Hutt.Valley,149269,149204,0,0,1,64,1,0,0,0,0,0,169,4
69,3,Counties.Manukau,557781,556989,0,1,4,787,9,0,1,1,2,0,542,4
69,19,Southern,328230,328134,0,0,0,96,0,0,0,0,0,0,342,4
69,8,Taranaki,119640,119550,0,0,1,89,0,0,0,0,0,0,132,4
69,0,Northland,178497,178154,1,1,3,338,3,1,0,0,1,0,184,4
69,5,Lakes,110040,110007,0,0,0,33,0,0,0,0,0,0,116,4
69,16,West.Coast,32445,32441,0,0,0,4,0,0,0,0,0,0,37,4
69,17,Canterbury,562849,560833,1,1,11,2003,21,1,1,0,2,0,589,4
69,10,Whanganui,64564,64500,1,0,2,61,1,1,0,0,0,0,45,4
69,18,South.Canterbury,60024,59938,0,0,0,86,1,0,0,0,0,0,56,4
69,6,Bay.of.Plenty,236820,236795,0,0,0,25,0,0,0,0,0,0,221,4
69,2,Auckland,538818,537098,0,1,11,1708,22,0,0,0,0,0,544,4
69,13,Capital.and.Coast,316620,316418,0,0,0,202,0,0,0,0,0,0,310,4
69,9,Hawkes.Bay,165360,165356,0,0,0,4,0,0,0,0,0,0,156,4
69,11,MidCentral,178237,178088,0,0,0,149,3,0,0,0,0,0,214,4
69,4,Waikato,417121,416422,0,0,2,697,9,0,0,1,1,0,385,4
69,14,Wairarapa,44845,44799,0,0,0,46,0,0,0,0,0,0,50,4
70,9,Hawkes.Bay,165360,165356,0,0,0,4,0,0,0,0,0,0,175,4
70,13,Capital.and.Coast,316620,316418,0,0,0,202,0,0,0,0,0,0,323,4
70,1,Waitemata,622340,621098,1,2,12,1227,10,1,2,3,2,0,616,4
70,8,Taranaki,119640,119550,0,0,1,89,0,0,0,0,0,0,102,4
70,11,MidCentral,178237,178088,0,0,0,149,3,0,0,0,0,0,162,4
70,6,Bay.of.Plenty,236820,236795,0,0,0,25,0,0,0,0,0,0,244,4
70,15,Nelson.Marlborough,150277,150018,0,0,1,258,3,0,0,0,0,0,138,4
70,19,Southern,328230,328134,0,0,0,96,0,0,0,0,0,0,321,4
70,4,Waikato,417121,416422,0,0,2,697,9,0,0,0,0,0,405,4
70,16,West.Coast,32445,32441,0,0,0,4,0,0,0,0,0,0,22,4
70,2,Auckland,538818,537098,0,1,7,1712,22,0,0,0,4,0,536,4
70,3,Counties.Manukau,557781,556989,0,0,4,788,9,0,0,1,1,0,570,4
70,5,Lakes,110040,110007,0,0,0,33,0,0,0,0,0,0,102,4
70,14,Wairarapa,44845,44799,0,0,0,46,0,0,0,0,0,0,48,4
70,17,Canterbury,562849,560833,0,2,8,2006,21,0,1,0,3,0,570,4
70,0,Northland,178497,178153,1,1,3,339,3,1,1,1,1,0,203,4
70,7,Tairawhiti,48965,48965,0,0,0,0,0,0,0,0,0,0,42,4
70,18,South.Canterbury,60024,59938,0,0,0,86,1,0,0,0,0,0,61,4
70,12,Hutt.Valley,149269,149204,0,0,1,64,1,0,0,0,0,0,160,4
70,10,Whanganui,64564,64500,0,1,1,62,1,0,1,0,1,0,68,4
71,4,Waikato,417121,416422,0,0,0,699,9,0,0,0,2,0,425,4
71,3,Counties.Manukau,557781,556989,0,0,3,789,9,0,0,0,1,0,601,4
71,8,Taranaki,119640,119550,0,0,1,89,0,0,0,0,0,0,125,4
71,10,Whanganui,64564,64500,0,0,2,62,1,0,0,1,0,0,66,4
71,7,Tairawhiti,48965,48965,0,0,0,0,0,0,0,0,0,0,51,4
71,17,Canterbury,562849,560833,0,1,8,2007,21,0,0,1,1,0,593,4
71,16,West.Coast,32445,32441,0,0,0,4,0,0,0,0,0,0,33,4
71,18,South.Canterbury,60024,59938,0,0,0,86,1,0,0,0,0,0,56,4
71,6,Bay.of.Plenty,236820,236795,0,0,0,25,0,0,0,0,0,0,238,4
71,5,Lakes,110040,110007,0,0,0,33,0,0,0,0,0,0,122,4
71,9,Hawkes.Bay,165360,165356,0,0,0,4,0,0,0,0,0,0,163,4
71,14,Wairarapa,44845,44799,0,0,0,46,0,0,0,0,0,0,42,4
71,0,Northland,178497,178153,0,1,3,340,3,0,1,1,1,0,184,4
71,13,Capital.and.Coast,316620,316418,0,0,0,202,0,0,0,0,0,0,338,4
71,1,Waitemata,622340,621097,1,2,11,1229,10,1,1,1,2,0,668,4
71,2,Auckland,538818,537097,1,1,7,1712,22,1,0,0,0,0,553,4
71,19,Southern,328230,328134,0,0,0,96,0,0,0,0,0,0,345,4
71,15,Nelson.Marlborough,150277,150018,0,0,0,259,3,0,0,0,1,0,144,4
71,12,Hutt.Valley,149269,149203,1,0,1,64,1,1,0,0,0,0,155,4
71,11,MidCentral,178237,178088,0,0,0,149,3,0,0,0,0,0,173,4
72,16,West.Coast,32445,32441,0,0,0,4,0,0,0,0,0,0,22,4
72,0,Northland,178497,178153,0,1,2,341,3,0,0,0,1,0,180,4
72,7,Tairawhiti,48965,48965,0,0,0,0,0,0,0,0,0,0,40,4
72,17,Canterbury,562849,560833,0,0,8,2008,21,0,0,1,1,0,591,4
72,8,Taranaki,119640,119550,0,0,1,89,0,0,0,0,0,0,127,4
72,9,Hawkes.Bay,165360,165356,0,0,0,4,0,0,0,0,0,0,176,4
72,15,Nelson.Marlborough,150277,150018,0,0,0,259,3,0,0,0,0,0,145,4
72,3,Counties.Manukau,557781,556989,0,0,2,790,9,0,0,0,1,0,574,4
72,11,MidCentral,178237,178088,0,0,0,149,3,0,0,0,0,0,164,4
72,12,Hutt.Valley,149269,149203,0,1,0,65,1,0,1,0,1,0,132,4
72,2,Auckland,538818,537097,0,1,6,1714,22,0,1,1,2,0,579,4
72,14,Wairarapa,44845,44799,0,0,0,46,0,0,0,0,0,0,47,4
72,6,Bay.of.Plenty,236820,236795,0,0,0,25,0,0,0,0,0,0,212,4
72,10,Whanganui,64564,64500,0,0,2,62,1,0,0,0,0,0,73,4
72,13,Capital.and.Coast,316620,316418,0,0,0,202,0,0,0,0,0,0,321,4
72,1,Waitemata,622340,621095,2,1,10,1232,10,2,1,2,3,0,623,4
72,5,Lakes,110040,110007,0,0,0,33,0,0,0,0,0,0,124,4
72,19,Southern,328230,328134,0,0,0,96,0,0,0,0,0,0,379,4
72,4,Waikato,417121,416422,0,0,0,699,9,0,0,0,0,0,417,4
72,18,South.Canterbury,60024,59938,0,0,0,86,1,0,0,0,0,0,68,4
73,14,Wairarapa,44845,44799,0,0,0,46,0,0,0,0,0,0,35,4
73,5,Lakes,110040,110007,0,0,0,33,0,0,0,0,0,0,116,4
73,9,Hawkes.Bay,165360,165356,0,0,0,4,0,0,0,0,0,0,166,4
73,13,Capital.and.Coast,316620,316418,0,0,0,202,0,0,0,0,0,0,329,4
73,18,South.Canterbury,60024,59938,0,0,0,86,1,0,0,0,0,0,63,4
73,3,Counties.Manukau,557781,556988,1,0,2,790,9,1,0,0,0,0,569,4
73,16,West.Coast,32445,32441,0,0,0,4,0,0,0,0,0,0,28,4
73,2,Auckland,538818,537096,1,0,6,1715,22,1,0,1,1,0,540,4
73,15,Nelson.Marlborough,150277,150018,0,0,0,259,3,0,0,0,0,0,146,4
73,11,MidCentral,178237,178088,0,0,0,149,3,0,0,0,0,0,190,4
73,4,Waikato,417121,416422,0,0,0,699,9,0,0,0,0,0,407,4
73,17,Canterbury,562849,560833,0,0,6,2010,21,0,0,0,2,0,542,4
73,7,Tairawhiti,48965,48965,0,0,0,0,0,0,0,0,0,0,52,4
73,6,Bay.of.Plenty,236820,236795,0,0,0,25,0,0,0,0,0,0,240,4
73,12,Hutt.Valley,149269,149203,0,0,1,65,1,0,0,1,0,0,154,4
73,8,Taranaki,119640,119550,0,0,1,89,0,0,0,0,0,0,122,4
73,19,Southern,328230,328134,0,0,0,96,0,0,0,0,0,0,329,4
73,0,Northland,178497,178153,0,0,3,341,3,0,0,1,0,0,163,4
73,10,Whanganui,64564,64500,0,0,1,63,1,0,0,0,1,0,58,4
73,1,Waitemata,622340,621094,1,2,10,1233,10,1,2,1,1,0,594,4
74,9,Hawkes.Bay,165360,165356,0,0,0,4,0,0,0,0,0,0,192,4
74,18,South.Canterbury,60024,59938,0,0,0,86,1,0,0,0,0,0,70,4
74,2,Auckland,538818,537096,0,1,4,1717,22,0,1,0,2,0,538,4
74,0,Northland,178497,178153,0,0,3,341,3,0,0,0,0,0,202,4
74,16,West.Coast,32445,32441,0,0,0,4,0,0,0,0,0,0,27,4
74,11,MidCentral,178237,178088,0,0,0,149,3,0,0,0,0,0,173,4
74,4,Waikato,417121,416422,0,0,0,699,9,0,0,0,0,0,404,4
74,1,Waitemata,622340,621092,2,2,10,1234,10,2,1,1,1,0,627,4
74,12,Hutt.Valley,149269,149203,0,0,1,65,1,0,0,0,0,0,132,4
74,5,Lakes,110040,110007,0,0,0,33,0,0,0,0,0,0,105,4
74,8,Taranaki,119640,119550,0,0,1,89,0,0,0,0,0,0,106,4
74,15,Nelson.Marlborough,150277,150018,0,0,0,259,3,0,0,0,0,0,134,4
74,19,Southern,328230,328134,0,0,0,96,0,0,0,0,0,0,343,4
74,7,Tairawhiti,48965,48965,0,0,0,0,0,0,0,0,0,0,38,4
74,14,Wairarapa,44845,44799,0,0,0,46,0,0,0,0,0,0,42,4
74,17,Canterbury,562849,560832,1,0,6,2010,21,1,0,0,0,0,583,4
74,6,Bay.of.Plenty,236820,236795,0,0,0,25,0,0,0,0,0,0,227,4
74,3,Counties.Manukau,557781,556988,0,1,2,790,9,0,1,0,0,0,591,4
74,10,Whanganui,64564,64500,0,0,1,63,1,0,0,0,0,0,63,4
74,13,Capital.and.Coast,316620,316418,0,0,0,202,0,0,0,0,0,0,281,4
75,11,MidCentral,178237,178088,0,0,0,149,3,0,0,0,0,0,177,4
75,6,Bay.of.Plenty,236820,236795,0,0,0,25,0,0,0,0,0,0,237,4
75,19,Southern,328230,328134,0,0,0,96,0,0,0,0,0,0,329,4
75,1,Waitemata,622340,621090,2,2,11,1235,10,2,2,2,1,0,601,4
75,7,Tairawhiti,48965,48965,0,0,0,0,0,0,0,0,0,0,44,4
75,0,Northland,178497,178153,0,0,3,341,3,0,0,0,0,0,190,4
75,12,Hutt.Valley,149269,149203,0,0,0,66,1,0,0,0,1,0,160,4
75,4,Waikato,417121,416422,0,0,0,699,9,0,0,0,0,0,408,4
75,18,South.Canterbury,60024,59938,0,0,0,86,1,0,0,0,0,0,58,4
75,8,Taranaki,119640,119550,0,0,1,89,0,0,0,0,0,0,131,4
75,16,West.Coast,32445,32441,0,0,0,4,0,0,0,0,0,0,38,4
75,5,Lakes,110040,110007,0,0,0,33,0,0,0,0,0,0,113,4
75,14,Wairarapa,44845,44799,0,0,0,46,0,0,0,0,0,0,46,4
75,9,Hawkes.Bay,165360,165356,0,0,0,4,0,0,0,0,0,0,126,4
75,10,Whanganui,64564,64500,0,0,1,63,1,0,0,0,0,0,58,4
75,3,Counties.Manukau,557781,556988,0,0,3,790,9,0,0,1,0,0,540,4
75,15,Nelson.Marlborough,150277,150018,0,0,0,259,3,0,0,0,0,0,138,4
75,17,Canterbury,562849,560832,0,1,6,2010,21,0,1,0,0,0,595,4
75,2,Auckland,538818,537096,0,0,4,1718,22,0,0,1,1,0,542,4
75,13,Capital.and.Coast,316620,316418,0,0,0,202,0,0,0,0,0,0,289,4
76,10,Whanganui,64564,64500,0,0,0,64,1,0,0,0,1,0,67,4
76,17,Canterbury,562849,560832,0,0,5,2012,21,0,0,1,2,0,542,4
76,16,West.Coast,32445,32441,0,0,0,4,0,0,0,0,0,0,29,4
76,6,Bay.of.Plenty,236820,236795,0,0,0,25,0,0,0,0,0,0,254,4
76,9,Hawkes.Bay,165360,165356,0,0,0,4,0,0,0,0,0,0,178,4
76,0,Northland,178497,178153,0,0,1,343,3,0,0,0,2,0,173,4
76,14,Wairarapa,44845,44799,0,0,0,46,0,0,0,0,0,0,37,4
76,3,Counties.Manukau,557781,556988,0,0,3,790,9,0,0,0,0,0,582,4
76,5,Lakes,110040,110007,0,0,0,33,0,0,0,0,0,0,120,4
76,12,Hutt.Valley,149269,149203,0,0,0,66,1,0,0,0,0,0,140,4
76,1,Waitemata,622340,621089,1,2,11,1237,10,1,2,2,2,0,698,4
76,18,South.Canterbury,60024,59938,0,0,0,86,1,0,0,0,0,0,58,4
76,4,Waikato,417121,416422,0,0,0,699,9,0,0,0,0,0,401,4
76,15,Nelson.Marlborough,150277,150018,0,0,0,259,3,0,0,0,0,0,168,4
76,13,Capital.and.Coast,316620,316418,0,0,0,202,0,0,0,0,0,0,293,4
76,8,Taranaki,119640,119550,0,0,0,90,0,0,0,0,1,0,117,4
76,2,Auckland,538818,537095,1,0,3,1719,22,1,0,0,1,0,527,4
76,11,MidCentral,178237,178088,0,0,0,149,3,0,0,0,0,0,173,4
76,7,Tairawhiti,48965,48965,0,0,0,0,0,0,0,0,0,0,52,4
76,19,Southern,328230,328134,0,0,0,96,0,0,0,0,0,0,319,4
77,13,Capital.and.Coast,316620,316418,0,0,0,202,0,0,0,0,0,0,279,4
77,4,Waikato,417121,416422,0,0,0,699,9,0,0,0,0,0,374,4
77,14,Wairarapa,44845,44799,0,0,0,46,0,0,0,0,0,0,40,4
77,3,Counties.Manukau,557781,556988,0,0,2,791,9,0,0,0,1,0,575,4
77,19,Southern,328230,328134,0,0,0,96,0,0,0,0,0,0,325,4
77,8,Taranaki,119640,119550,0,0,0,90,0,0,0,0,0,0,125,4
77,2,Auckland,538818,537094,1,1,3,1719,22,1,1,0,0,0,513,4
77,5,Lakes,110040,110007,0,0,0,33,0,0,0,0,0,0,124,4
77,15,Nelson.Marlborough,150277,150018,0,0,0,259,3,0,0,0,0,0,132,4
77,11,MidCentral,178237,178088,0,0,0,149,3,0,0,0,0,0,163,4
77,6,Bay.of.Plenty,236820,236795,0,0,0,25,0,0,0,0,0,0,230,4
77,17,Canterbury,562849,560832,0,0,4,2013,21,0,0,0,1,0,562,4
77,7,Tairawhiti,48965,48965,0,0,0,0,0,0,0,0,0,0,62,4
77,12,Hutt.Valley,149269,149203,0,0,0,66,1,0,0,0,0,0,147,4
77,1,Waitemata,622340,621088,1,2,11,1238,10,1,1,1,1,0,646,4
77,0,Northland,178497,178153,0,0,1,343,3,0,0,0,0,0,180,4
77,16,West.Coast,32445,32441,0,0,0,4,0,0,0,0,0,0,33,4
77,10,Whanganui,64564,64500,0,0,0,64,1,0,0,0,0,0,53,4
77,18,South.Canterbury,60024,59938,0,0,0,86,1,0,0,0,0,0,64,4
77,9,Hawkes.Bay,165360,165356,0,0,0,4,0,0,0,0,0,0,160,4
78,3,Counties.Manukau,557781,556988,0,0,1,792,9,0,0,0,1,0,541,4
78,16,West.Coast,32445,32441,0,0,0,4,0,0,0,0,0,0,25,4
78,2,Auckland,538818,537094,0,2,1,1721,22,0,1,0,2,0,534,4
78,1,Waitemata,622340,621088,0,2,4,1246,10,0,1,1,8,0,601,4
78,5,Lakes,110040,110007,0,0,0,33,0,0,0,0,0,0,115,4
78,6,Bay.of.Plenty,236820,236795,0,0,0,25,0,0,0,0,0,0,255,4
78,19,Southern,328230,328134,0,0,0,96,0,0,0,0,0,0,313,4
78,13,Capital.and.Coast,316620,316418,0,0,0,202,0,0,0,0,0,0,303,4
78,11,MidCentral,178237,178088,0,0,0,149,3,0,0,0,0,0,175,4
78,8,Taranaki,119640,119550,0,0,0,90,0,0,0,0,0,0,122,4
78,12,Hutt.Valley,149269,149203,0,0,0,66,1,0,0,0,0,0,147,4
78,10,Whanganui,64564,64500,0,0,0,64,1,0,0,0,0,0,61,4
78,0,Northland,178497,178153,0,0,1,343,3,0,0,0,0,0,184,4
78,17,Canterbury,562849,560831,1,0,4,2013,21,1,0,0,0,0,540,4
78,15,Nelson.Marlborough,150277,150018,0,0,0,259,3,0,0,0,0,0,150,4
78,7,Tairawhiti,48965,48965,0,0,0,0,0,0,0,0,0,0,45,4
78,18,South.Canterbury,60024,59938,0,0,0,86,1,0,0,0,0,0,69,4
78,9,Hawkes.Bay,165360,165356,0,0,0,4,0,0,0,0,0,0,154,4
78,14,Wairarapa,44845,44799,0,0,0,46,0,0,0,0,0,0,43,4
78,4,Waikato,417121,416422,0,0,0,699,9,0,0,0,0,0,412,4
79,19,Southern,328230,328134,0,0,0,96,0,0,0,0,0,0,325,4
79,4,Waikato,417121,416422,0,0,0,699,9,0,0,0,0,0,458,4
79,15,Nelson.Marlborough,150277,150018,0,0,0,259,3,0,0,0,0,0,154,4
79,10,Whanganui,64564,64500,0,0,0,64,1,0,0,0,0,0,69,4
79,8,Taranaki,119640,119550,0,0,0,90,0,0,0,0,0,0,120,4
79,13,Capital.and.Coast,316620,316418,0,0,0,202,0,0,0,0,0,0,322,4
79,12,Hutt.Valley,149269,149203,0,0,0,66,1,0,0,0,0,0,153,4
79,5,Lakes,110040,110007,0,0,0,33,0,0,0,0,0,0,104,4
79,9,Hawkes.Bay,165360,165356,0,0,0,4,0,0,0,0,0,0,161,4
79,14,Wairarapa,44845,44799,0,0,0,46,0,0,0,0,0,0,45,4
79,1,Waitemata,622340,621087,1,1,4,1247,10,1,0,1,1,0,609,4
79,3,Counties.Manukau,557781,556988,0,0,1,792,9,0,0,0,0,0,599,4
79,17,Canterbury,562849,560831,0,1,4,2013,21,0,1,0,0,0,611,4
79,16,West.Coast,32445,32441,0,0,0,4,0,0,0,0,0,0,26,4
79,2,Auckland,538818,537093,1,0,3,1721,22,1,0,2,0,0,541,4
79,11,MidCentral,178237,178088,0,0,0,149,3,0,0,0,0,0,175,4
79,7,Tairawhiti,48965,48965,0,0,0,0,0,0,0,0,0,0,50,4
79,0,Northland,178497,178153,0,0,1,343,3,0,0,0,0,0,183,4
79,18,South.Canterbury,60024,59938,0,0,0,86,1,0,0,0,0,0,50,4
79,6,Bay.of.Plenty,236820,236795,0,0,0,25,0,0,0,0,0,0,248,4
80,19,Southern,328230,328134,0,0,0,96,0,0,0,0,0,0,325,4
80,18,South.Canterbury,60024,59938,0,0,0,86,1,0,0,0,0,0,65,4
80,4,Waikato,417121,416422,0,0,0,699,9,0,0,0,0,0,393,4
80,17,Canterbury,562849,560831,0,0,5,2013,21,0,0,1,0,0,546,4
80,1,Waitemata,622340,621087,0,2,2,1249,10,0,1,0,2,0,595,4
80,15,Nelson.Marlborough,150277,150018,0,0,0,259,3,0,0,0,0,0,151,4
80,6,Bay.of.Plenty,236820,236795,0,0,0,25,0,0,0,0,0,0,223,4
80,13,Capital.and.Coast,316620,316418,0,0,0,202,0,0,0,0,0,0,330,4
80,8,Taranaki,119640,119550,0,0,0,90,0,0,0,0,0,0,120,4
80,0,Northland,178497,178153,0,0,1,343,3,0,0,0,0,0,203,4
80,2,Auckland,538818,537093,0,1,3,1721,22,0,1,0,0,0,555,4
80,16,West.Coast,32445,32441,0,0,0,4,0,0,0,0,0,0,26,4
80,5,Lakes,110040,110007,0,0,0,33,0,0,0,0,0,0,123,4
80,7,Tairawhiti,48965,48965,0,0,0,0,0,0,0,0,0,0,49,4
80,14,Wairarapa,44845,44799,0,0,0,46,0,0,0,0,0,0,42,4
80,9,Hawkes.Bay,165360,165356,0,0,0,4,0,0,0,0,0,0,155,4
80,10,Whanganui,64564,64500,0,0,0,64,1,0,0,0,0,0,80,4
80,12,Hutt.Valley,149269,149203,0,0,0,66,1,0,0,0,0,0,162,4
80,3,Counties.Manukau,557781,556988,0,0,1,792,9,0,0,0,0,0,534,4
80,11,MidCentral,178237,178088,0,0,0,149,3,0,0,0,0,0,176,4
81,10,Whanganui,64564,64500,0,0,0,64,1,0,0,0,0,0,67,4
81,19,Southern,328230,328134,0,0,0,96,0,0,0,0,0,0,329,4
81,3,Counties.Manukau,557781,556988,0,0,1,792,9,0,0,0,0,0,564,4
81,6,Bay.of.Plenty,236820,236795,0,0,0,25,0,0,0,0,0,0,233,4
81,1,Waitemata,622340,621087,0,1,2,1250,10,0,0,1,1,0,609,4
81,16,West.Coast,32445,32441,0,0,0,4,0,0,0,0,0,0,30,4
81,17,Canterbury,562849,560831,0,0,3,2015,21,0,0,0,2,0,548,4
81,2,Auckland,538818,537093,0,1,2,1722,22,0,0,0,1,0,483,4
81,13,Capital.and.Coast,316620,316418,0,0,0,202,0,0,0,0,0,0,333,4
81,15,Nelson.Marlborough,150277,150018,0,0,0,259,3,0,0,0,0,0,159,4
81,11,MidCentral,178237,178088,0,0,0,149,3,0,0,0,0,0,203,4
81,0,Northland,178497,178153,0,0,1,343,3,0,0,0,0,0,170,4
81,7,Tairawhiti,48965,48965,0,0,0,0,0,0,0,0,0,0,52,4
81,4,Waikato,417121,416422,0,0,0,699,9,0,0,0,0,0,437,4
81,12,Hutt.Valley,149269,149203,0,0,0,66,1,0,0,0,0,0,171,4
81,9,Hawkes.Bay,165360,165356,0,0,0,4,0,0,0,0,0,0,194,4
81,14,Wairarapa,44845,44799,0,0,0,46,0,0,0,0,0,0,50,4
81,5,Lakes,110040,110007,0,0,0,33,0,0,0,0,0,0,145,4
81,18,South.Canterbury,60024,59938,0,0,0,86,1,0,0,0,0,0,63,4
81,8,Taranaki,119640,119550,0,0,0,90,0,0,0,0,0,0,126,4
82,9,Hawkes.Bay,165360,165356,0,0,0,4,0,0,0,0,0,0,162,4
82,8,Taranaki,119640,119550,0,0,0,90,0,0,0,0,0,0,121,4
82,0,Northland,178497,178153,0,0,1,343,3,0,0,0,0,0,162,4
82,4,Waikato,417121,416422,0,0,0,699,9,0,0,0,0,0,436,4
82,11,MidCentral,178237,178088,0,0,0,149,3,0,0,0,0,0,194,4
82,6,Bay.of.Plenty,236820,236795,0,0,0,25,0,0,0,0,0,0,235,4
82,15,Nelson.Marlborough,150277,150018,0,0,0,259,3,0,0,0,0,0,160,4
82,19,Southern,328230,328134,0,0,0,96,0,0,0,0,0,0,350,4
82,17,Canterbury,562849,560831,0,0,2,2016,21,0,0,0,1,0,531,4
82,10,Whanganui,64564,64500,0,0,0,64,1,0,0,0,0,0,76,4
82,5,Lakes,110040,110007,0,0,0,33,0,0,0,0,0,0,103,4
82,16,West.Coast,32445,32441,0,0,0,4,0,0,0,0,0,0,39,4
82,1,Waitemata,622340,621087,0,1,2,1250,10,0,0,0,0,0,607,4
82,12,Hutt.Valley,149269,149203,0,0,0,66,1,0,0,0,0,0,154,4
82,14,Wairarapa,44845,44799,0,0,0,46,0,0,0,0,0,0,41,4
82,2,Auckland,538818,537093,0,0,3,1722,22,0,0,1,0,0,563,4
82,7,Tairawhiti,48965,48965,0,0,0,0,0,0,0,0,0,0,44,4
82,13,Capital.and.Coast,316620,316418,0,0,0,202,0,0,0,0,0,0,314,4
82,3,Counties.Manukau,557781,556988,0,0,1,792,9,0,0,0,0,0,545,4
82,18,South.Canterbury,60024,59938,0,0,0,86,1,0,0,0,0,0,56,4
83,10,Whanganui,64564,64500,0,0,0,64,1,0,0,0,0,0,67,4
83,19,Southern,328230,328134,0,0,0,96,0,0,0,0,0,0,330,4
83,2,Auckland,538818,537093,0,0,1,1724,22,0,0,0,2,0,518,4
83,16,West.Coast,32445,32441,0,0,0,4,0,0,0,0,0,0,30,4
83,13,Capital.and.Coast,316620,316418,0,0,0,202,0,0,0,0,0,0,346,4
83,12,Hutt.Valley,149269,149203,0,0,0,66,1,0,0,0,0,0,147,4
83,3,Counties.Manukau,557781,556987,1,0,1,792,9,1,0,0,0,0,583,4
83,15,Nelson.Marlborough,150277,150018,0,0,0,259,3,0,0,0,0,0,155,4
83,5,Lakes,110040,110007,0,0,0,33,0,0,0,0,0,0,107,4
83,6,Bay.of.Plenty,236820,236795,0,0,0,25,0,0,0,0,0,0,221,4
83,9,Hawkes.Bay,165360,165356,0,0,0,4,0,0,0,0,0,0,156,4
83,18,South.Canterbury,60024,59938,0,0,0,86,1,0,0,0,0,0,59,4
83,4,Waikato,417121,416422,0,0,0,699,9,0,0,0,0,0,438,4
83,7,Tairawhiti,48965,48965,0,0,0,0,0,0,0,0,0,0,49,4
83,8,Taranaki,119640,119550,0,0,0,90,0,0,0,0,0,0,122,4
83,11,MidCentral,178237,178088,0,0,0,149,3,0,0,0,0,0,174,4
83,17,Canterbury,562849,560831,0,0,1,2017,21,0,0,0,1,0,538,4
83,0,Northland,178497,178153,0,0,1,343,3,0,0,0,0,0,173,4
83,1,Waitemata,622340,621087,0,0,3,1250,10,0,0,1,0,0,624,4
83,14,Wairarapa,44845,44799,0,0,0,46,0,0,0,0,0,0,36,4
84,10,Whanganui,64564,64500,0,0,0,64,1,0,0,0,0,0,66,4
84,7,Tairawhiti,48965,48965,0,0,0,0,0,0,0,0,0,0,53,4
84,4,Waikato,417121,416422,0,0,0,699,9,0,0,0,0,0,395,4
84,11,MidCentral,178237,178088,0,0,0,149,3,0,0,0,0,0,183,4
84,0,Northland,178497,178153,0,0,1,343,3,0,0,0,0,0,200,4
84,5,Lakes,110040,110007,0,0,0,33,0,0,0,0,0,0,107,4
84,2,Auckland,538818,537093,0,0,1,1724,22,0,0,0,0,0,549,4
84,19,Southern,328230,328134,0,0,0,96,0,0,0,0,0,0,358,4
84,8,Taranaki,119640,119550,0,0,0,90,0,0,0,0,0,0,114,4
84,3,Counties.Manukau,557781,556987,0,1,0,793,9,0,1,0,1,0,568,4
84,17,Canterbury,562849,560831,0,0,1,2017,21,0,0,0,0,0,527,4
84,15,Nelson.Marlborough,150277,150018,0,0,0,259,3,0,0,0,0,0,158,4
84,9,Hawkes.Bay,165360,165356,0,0,0,4,0,0,0,0,0,0,156,4
84,14,Wairarapa,44845,44799,0,0,0,46,0,0,0,0,0,0,48,4
84,1,Waitemata,622340,621086,1,0,3,1250,10,1,0,0,0,0,622,4
84,16,West.Coast,32445,32441,0,0,0,4,0,0,0,0,0,0,40,4
84,18,South.Canterbury,60024,59938,0,0,0,86,1,0,0,0,0,0,61,4
84,13,Capital.and.Coast,316620,316418,0,0,0,202,0,0,0,0,0,0,319,4
84,6,Bay.of.Plenty,236820,236795,0,0,0,25,0,0,0,0,0,0,238,4
84,12,Hutt.Valley,149269,149203,0,0,0,66,1,0,0,0,0,0,154,4
85,10,Whanganui,64564,64500,0,0,0,64,1,0,0,0,0,0,58,4
85,3,Counties.Manukau,557781,556987,0,0,1,793,9,0,0,1,0,0,550,4
85,19,Southern,328230,328134,0,0,0,96,0,0,0,0,0,0,343,4
85,13,Capital.and.Coast,316620,316418,0,0,0,202,0,0,0,0,0,0,290,4
85,4,Waikato,417121,416422,0,0,0,699,9,0,0,0,0,0,432,4
85,6,Bay.of.Plenty,236820,236795,0,0,0,25,0,0,0,0,0,0,234,4
85,9,Hawkes.Bay,165360,165356,0,0,0,4,0,0,0,0,0,0,185,4
85,0,Northland,178497,178153,0,0,1,343,3,0,0,0,0,0,173,4
85,7,Tairawhiti,48965,48965,0,0,0,0,0,0,0,0,0,0,47,4
85,1,Waitemata,622340,621086,0,1,2,1251,10,0,1,0,1,0,631,4
85,14,Wairarapa,44845,44799,0,0,0,46,0,0,0,0,0,0,52,4
85,17,Canterbury,562849,560831,0,0,1,2017,21,0,0,0,0,0,584,4
85,2,Auckland,538818,537093,0,0,1,1724,22,0,0,0,0,0,565,4
85,11,MidCentral,178237,178088,0,0,0,149,3,0,0,0,0,0,180,4
85,5,Lakes,110040,110007,0,0,0,33,0,0,0,0,0,0,106,4
85,16,West.Coast,32445,32441,0,0,0,4,0,0,0,0,0,0,37,4
85,12,Hutt.Valley,149269,149203,0,0,0,66,1,0,0,0,0,0,165,4
85,15,Nelson.Marlborough,150277,150018,0,0,0,259,3,0,0,0,0,0,170,4
85,18,South.Canterbury,60024,59938,0,0,0,86,1,0,0,0,0,0,46,4
85,8,Taranaki,119640,119550,0,0,0,90,0,0,0,0,0,0,108,4
86,4,Waikato,417121,416422,0,0,0,699,9,0,0,0,0,0,423,4
86,9,Hawkes.Bay,165360,165356,0,0,0,4,0,0,0,0,0,0,170,4
86,14,Wairarapa,44845,44799,0,0,0,46,0,0,0,0,0,0,54,4
86,12,Hutt.Valley,149269,149203,0,0,0,66,1,0,0,0,0,0,142,4
86,18,South.Canterbury,60024,59938,0,0,0,86,1,0,0,0,0,0,72,4
86,13,Capital.and.Coast,316620,316418,0,0,0,202,0,0,0,0,0,0,323,4
86,10,Whanganui,64564,64500,0,0,0,64,1,0,0,0,0,0,60,4
86,15,Nelson.Marlborough,150277,150018,0,0,0,259,3,0,0,0,0,0,134,4
86,11,MidCentral,178237,178088,0,0,0,149,3,0,0,0,0,0,176,4
86,6,Bay.of.Plenty,236820,236795,0,0,0,25,0,0,0,0,0,0,223,4
86,17,Canterbury,562849,560831,0,0,1,2017,21,0,0,0,0,0,605,4
86,16,West.Coast,32445,32441,0,0,0,4,0,0,0,0,0,0,37,4
86,19,Southern,328230,328134,0,0,0,96,0,0,0,0,0,0,329,4
86,5,Lakes,110040,110007,0,0,0,33,0,0,0,0,0,0,85,4
86,1,Waitemata,622340,621085,1,0,3,1251,10,1,0,1,0,0,614,4
86,2,Auckland,538818,537093,0,0,1,1724,22,0,0,0,0,0,569,4
86,0,Northland,178496,178153,0,0,0,343,4,0,0,0,0,1,161,4
86,3,Counties.Manukau,557781,556987,0,0,1,793,9,0,0,0,0,0,576,4
86,8,Taranaki,119640,119550,0,0,0,90,0,0,0,0,0,0,121,4
86,7,Tairawhiti,48965,48965,0,0,0,0,0,0,0,0,0,0,47,4
87,6,Bay.of.Plenty,236820,236795,0,0,0,25,0,0,0,0,0,0,243,4
87,3,Counties.Manukau,557781,556987,0,0,0,794,9,0,0,0,1,0,565,4
87,8,Taranaki,119640,119550,0,0,0,90,0,0,0,0,0,0,111,4
87,17,Canterbury,562849,560831,0,0,1,2017,21,0,0,0,0,0,538,4
87,16,West.Coast,32445,32441,0,0,0,4,0,0,0,0,0,0,30,4
87,10,Whanganui,64564,64500,0,0,0,64,1,0,0,0,0,0,50,4
87,13,Capital.and.Coast,316620,316418,0,0,0,202,0,0,0,0,0,0,304,4
87,4,Waikato,417121,416422,0,0,0,699,9,0,0,0,0,0,396,4
87,7,Tairawhiti,48965,48965,0,0,0,0,0,0,0,0,0,0,47,4
87,12,Hutt.Valley,149269,149203,0,0,0,66,1,0,0,0,0,0,131,4
87,14,Wairarapa,44845,44799,0,0,0,46,0,0,0,0,0,0,47,4
87,18,South.Canterbury,60024,59938,0,0,0,86,1,0,0,0,0,0,54,4
87,1,Waitemata,622340,621085,0,1,3,1251,10,0,1,0,0,0,639,4
87,11,MidCentral,178237,178088,0,0,0,149,3,0,0,0,0,0,161,4
87,9,Hawkes.Bay,165360,165356,0,0,0,4,0,0,0,0,0,0,161,4
87,5,Lakes,110040,110007,0,0,0,33,0,0,0,0,0,0,102,4
87,15,Nelson.Marlborough,150277,150018,0,0,0,259,3,0,0,0,0,0,145,4
87,2,Auckland,538818,537093,0,0,1,1724,22,0,0,0,0,0,523,4
87,19,Southern,328230,328134,0,0,0,96,0,0,0,0,0,0,310,4
87,0,Northland,178496,178153,0,0,0,343,4,0,0,0,0,0,174,4
88,7,Tairawhiti,48965,48965,0,0,0,0,0,0,0,0,0,0,41,4
88,18,South.Canterbury,60024,59938,0,0,0,86,1,0,0,0,0,0,62,4
88,17,Canterbury,562849,560830,1,0,0,2018,21,1,0,0,1,0,534,4
88,6,Bay.of.Plenty,236820,236795,0,0,0,25,0,0,0,0,0,0,231,4
88,13,Capital.and.Coast,316620,316418,0,0,0,202,0,0,0,0,0,0,318,4
88,12,Hutt.Valley,149269,149203,0,0,0,66,1,0,0,0,0,0,132,4
88,5,Lakes,110040,110007,0,0,0,33,0,0,0,0,0,0,98,4
88,16,West.Coast,32445,32441,0,0,0,4,0,0,0,0,0,0,40,4
88,19,Southern,328230,328134,0,0,0,96,0,0,0,0,0,0,330,4
88,10,Whanganui,64564,64500,0,0,0,64,1,0,0,0,0,0,57,4
88,11,MidCentral,178237,178088,0,0,0,149,3,0,0,0,0,0,176,4
88,8,Taranaki,119640,119550,0,0,0,90,0,0,0,0,0,0,129,4
88,1,Waitemata,622340,621085,0,0,4,1251,10,0,0,1,0,0,580,4
88,14,Wairarapa,44845,44799,0,0,0,46,0,0,0,0,0,0,45,4
88,0,Northland,178496,178153,0,0,0,343,4,0,0,0,0,0,170,4
88,2,Auckland,538818,537093,0,0,1,1724,22,0,0,0,0,0,566,4
88,3,Counties.Manukau,557781,556987,0,0,0,794,9,0,0,0,0,0,572,4
88,4,Waikato,417121,416422,0,0,0,699,9,0,0,0,0,0,427,4
88,9,Hawkes.Bay,165360,165356,0,0,0,4,0,0,0,0,0,0,155,4
88,15,Nelson.Marlborough,150277,150018,0,0,0,259,3,0,0,0,0,0,177,4
89,7,Tairawhiti,48965,48965,0,0,0,0,0,0,0,0,0,0,41,4
89,0,Northland,178496,178153,0,0,0,343,4,0,0,0,0,0,185,4
89,16,West.Coast,32445,32441,0,0,0,4,0,0,0,0,0,0,33,4
89,19,Southern,328230,328134,0,0,0,96,0,0,0,0,0,0,295,4
89,12,Hutt.Valley,149269,149203,0,0,0,66,1,0,0,0,0,0,176,4
89,4,Waikato,417121,416422,0,0,0,699,9,0,0,0,0,0,376,4
89,8,Taranaki,119640,119550,0,0,0,90,0,0,0,0,0,0,120,4
89,5,Lakes,110040,110007,0,0,0,33,0,0,0,0,0,0,109,4
89,10,Whanganui,64564,64500,0,0,0,64,1,0,0,0,0,0,55,4
89,13,Capital.and.Coast,316620,316418,0,0,0,202,0,0,0,0,0,0,288,4
89,17,Canterbury,562849,560830,0,1,0,2018,21,0,1,0,0,0,552,4
89,18,South.Canterbury,60024,59938,0,0,0,86,1,0,0,0,0,0,56,4
89,2,Auckland,538818,537093,0,0,1,1724,22,0,0,0,0,0,547,4
89,15,Nelson.Marlborough,150277,150018,0,0,0,259,3,0,0,0,0,0,157,4
89,1,Waitemata,622340,621085,0,0,4,1251,10,0,0,0,0,0,612,4
89,14,Wairarapa,44845,44799,0,0,0,46,0,0,0,0,0,0,55,4
89,9,Hawkes.Bay,165360,165356,0,0,0,4,0,0,0,0,0,0,159,4
89,11,MidCentral,178237,178088,0,0,0,149,3,0,0,0,0,0,189,4
89,6,Bay.of.Plenty,236820,236795,0,0,0,25,0,0,0,0,0,0,233,4
89,3,Counties.Manukau,557781,556987,0,0,0,794,9,0,0,0,0,0,564,4
90,7,Tairawhiti,48965,48965,0,0,0,0,0,0,0,0,0,0,52,4
90,11,MidCentral,178237,178088,0,0,0,149,3,0,0,0,0,0,189,4
90,17,Canterbury,562849,560830,0,0,1,2018,21,0,0,1,0,0,557,4
90,19,Southern,328230,328134,0,0,0,96,0,0,0,0,0,0,331,4
90,0,Northland,178496,178153,0,0,0,343,4,0,0,0,0,0,199,4
90,8,Taranaki,119640,119550,0,0,0,90,0,0,0,0,0,0,114,4
90,12,Hutt.Valley,149269,149203,0,0,0,66,1,0,0,0,0,0,171,4
90,14,Wairarapa,44845,44799,0,0,0,46,0,0,0,0,0,0,45,4
90,10,Whanganui,64564,64500,0,0,0,64,1,0,0,0,0,0,67,4
90,18,South.Canterbury,60024,59938,0,0,0,86,1,0,0,0,0,0,55,4
90,16,West.Coast,32445,32441,0,0,0,4,0,0,0,0,0,0,34,4
90,1,Waitemata,622340,621084,1,0,4,1251,10,1,0,0,0,0,614,4
90,2,Auckland,538818,537093,0,0,1,1724,22,0,0,0,0,0,560,4
90,5,Lakes,110040,110007,0,0,0,33,0,0,0,0,0,0,112,4
90,6,Bay.of.Plenty,236820,236795,0,0,0,25,0,0,0,0,0,0,237,4
90,3,Counties.Manukau,557781,556987,0,0,0,794,9,0,0,0,0,0,534,4
90,15,Nelson.Marlborough,150277,150018,0,0,0,259,3,0,0,0,0,0,151,4
90,4,Waikato,417121,416422,0,0,0,699,9,0,0,0,0,0,407,4
90,9,Hawkes.Bay,165360,165356,0,0,0,4,0,0,0,0,0,0,166,4
90,13,Capital.and.Coast,316620,316418,0,0,0,202,0,0,0,0,0,0,296,4
91,14,Wairarapa,44845,44799,0,0,0,46,0,0,0,0,0,0,30,4
91,18,South.Canterbury,60024,59938,0,0,0,86,1,0,0,0,0,0,57,4
91,17,Canterbury,562849,560830,0,0,1,2018,21,0,0,0,0,0,573,4
91,1,Waitemata,622340,621083,1,1,4,1251,10,1,1,0,0,0,619,4
91,0,Northland,178496,178153,0,0,0,343,4,0,0,0,0,0,204,4
91,10,Whanganui,64564,64500,0,0,0,64,1,0,0,0,0,0,75,4
91,8,Taranaki,119640,119550,0,0,0,90,0,0,0,0,0,0,138,4
91,6,Bay.of.Plenty,236820,236795,0,0,0,25,0,0,0,0,0,0,245,4
91,11,MidCentral,178237,178088,0,0,0,149,3,0,0,0,0,0,183,4
91,5,Lakes,110040,110007,0,0,0,33,0,0,0,0,0,0,116,4
91,15,Nelson.Marlborough,150277,150018,0,0,0,259,3,0,0,0,0,0,160,4
91,7,Tairawhiti,48965,48965,0,0,0,0,0,0,0,0,0,0,45,4
91,4,Waikato,417121,416422,0,0,0,699,9,0,0,0,0,0,423,4
91,16,West.Coast,32445,32441,0,0,0,4,0,0,0,0,0,0,33,4
91,2,Auckland,538818,537093,0,0,1,1724,22,0,0,0,0,0,538,4
91,19,Southern,328230,328134,0,0,0,96,0,0,0,0,0,0,331,4
91,12,Hutt.Valley,149269,149203,0,0,0,66,1,0,0,0,0,0,181,4
91,9,Hawkes.Bay,165360,165356,0,0,0,4,0,0,0,0,0,0,184,4
91,13,Capital.and.Coast,316620,316418,0,0,0,202,0,0,0,0,0,0,319,4
91,3,Counties.Manukau,557781,556987,0,0,0,794,9,0,0,0,0,0,527,4
92,10,Whanganui,64564,64500,0,0,0,64,1,0,0,0,0,0,67,4
92,17,Canterbury,562849,560830,0,0,0,2019,21,0,0,0,1,0,552,4
92,16,West.Coast,32445,32441,0,0,0,4,0,0,0,0,0,0,35,4
92,5,Lakes,110040,110007,0,0,0,33,0,0,0,0,0,0,108,4
92,2,Auckland,538818,537093,0,0,1,1724,22,0,0,0,0,0,552,4
92,6,Bay.of.Plenty,236820,236795,0,0,0,25,0,0,0,0,0,0,230,4
92,19,Southern,328230,328134,0,0,0,96,0,0,0,0,0,0,321,4
92,18,South.Canterbury,60024,59938,0,0,0,86,1,0,0,0,0,0,63,4
92,12,Hutt.Valley,149269,149203,0,0,0,66,1,0,0,0,0,0,149,4
92,13,Capital.and.Coast,316620,316418,0,0,0,202,0,0,0,0,0,0,311,4
92,7,Tairawhiti,48965,48965,0,0,0,0,0,0,0,0,0,0,41,4
92,1,Waitemata,622340,621083,0,1,3,1253,10,0,1,1,2,0,619,4
92,9,Hawkes.Bay,165360,165356,0,0,0,4,0,0,0,0,0,0,158,4
92,4,Waikato,417121,416422,0,0,0,699,9,0,0,0,0,0,421,4
92,3,Counties.Manukau,557781,556987,0,0,0,794,9,0,0,0,0,0,565,4
92,0,Northland,178496,178153,0,0,0,343,4,0,0,0,0,0,155,4
92,15,Nelson.Marlborough,150277,150018,0,0,0,259,3,0,0,0,0,0,148,4
92,11,MidCentral,178237,178088,0,0,0,149,3,0,0,0,0,0,169,4
92,8,Taranaki,119640,119550,0,0,0,90,0,0,0,0,0,0,135,4
92,14,Wairarapa,44845,44799,0,0,0,46,0,0,0,0,0,0,52,4
93,17,Canterbury,562849,560830,0,0,0,2019,21,0,0,0,0,0,569,4
93,14,Wairarapa,44845,44799,0,0,0,46,0,0,0,0,0,0,52,4
93,4,Waikato,417121,416422,0,0,0,699,9,0,0,0,0,0,410,4
93,13,Capital.and.Coast,316620,316418,0,0,0,202,0,0,0,0,0,0,298,4
93,11,MidCentral,178237,178088,0,0,0,149,3,0,0,0,0,0,170,4
93,8,Taranaki,119640,119550,0,0,0,90,0,0,0,0,0,0,127,4
93,6,Bay.of.Plenty,236820,236795,0,0,0,25,0,0,0,0,0,0,245,4
93,19,Southern,328230,328134,0,0,0,96,0,0,0,0,0,0,341,4
93,1,Waitemata,622340,621083,0,0,4,1253,10,0,0,1,0,0,650,4
93,7,Tairawhiti,48965,48965,0,0,0,0,0,0,0,0,0,0,59,4
93,2,Auckland,538818,537093,0,0,1,1724,22,0,0,0,0,0,564,4
93,3,Counties.Manukau,557781,556987,0,0,0,794,9,0,0,0,0,0,523,4
93,18,South.Canterbury,60024,59938,0,0,0,86,1,0,0,0,0,0,62,4
93,5,Lakes,110040,110007,0,0,0,33,0,0,0,0,0,0,91,4
93,0,Northland,178496,178153,0,0,0,343,4,0,0,0,0,0,188,4
93,12,Hutt.Valley,149269,149203,0,0,0,66,1,0,0,0,0,0,140,4
93,9,Hawkes.Bay,165360,165356,0,0,0,4,0,0,0,0,0,0,167,4
93,10,Whanganui,64564,64500,0,0,0,64,1,0,0,0,0,0,76,4
93,16,West.Coast,32445,32441,0,0,0,4,0,0,0,0,0,0,33,4
93,15,Nelson.Marlborough,150277,150018,0,0,0,259,3,0,0,0,0,0,135,4
94,3,Counties.Manukau,557781,556987,0,0,0,794,9,0,0,0,0,0,556,4
94,4,Waikato,417121,416422,0,0,0,699,9,0,0,0,0,0,379,4
94,15,Nelson.Marlborough,150277,150018,0,0,0,259,3,0,0,0,0,0,128,4
94,2,Auckland,538818,537093,0,0,1,1724,22,0,0,0,0,0,555,4
94,13,Capital.and.Coast,316620,316418,0,0,0,202,0,0,0,0,0,0,304,4
94,16,West.Coast,32445,32441,0,0,0,4,0,0,0,0,0,0,30,4
94,18,South.Canterbury,60024,59938,0,0,0,86,1,0,0,0,0,0,63,4
94,19,Southern,328230,328134,0,0,0,96,0,0,0,0,0,0,347,4
94,9,Hawkes.Bay,165360,165356,0,0,0,4,0,0,0,0,0,0,200,4
94,5,Lakes,110040,110007,0,0,0,33,0,0,0,0,0,0,112,4
94,7,Tairawhiti,48965,48965,0,0,0,0,0,0,0,0,0,0,58,4
94,10,Whanganui,64564,64500,0,0,0,64,1,0,0,0,0,0,60,4
94,0,Northland,178496,178153,0,0,0,343,4,0,0,0,0,0,182,4
94,11,MidCentral,178237,178088,0,0,0,149,3,0,0,0,0,0,152,4
94,8,Taranaki,119640,119550,0,0,0,90,0,0,0,0,0,0,117,4
94,1,Waitemata,622340,621082,1,0,3,1254,10,1,0,0,1,0,609,4
94,17,Canterbury,562849,560830,0,0,0,2019,21,0,0,0,0,0,563,4
94,12,Hutt.Valley,149269,149203,0,0,0,66,1,0,0,0,0,0,161,4
94,14,Wairarapa,44845,44799,0,0,0,46,0,0,0,0,0,0,34,4
94,6,Bay.of.Plenty,236820,236795,0,0,0,25,0,0,0,0,0,0,229,4
95,1,Waitemata,622340,621082,0,1,3,1254,10,0,1,0,0,0,615,4
95,16,West.Coast,32445,32441,0,0,0,4,0,0,0,0,0,0,26,4
95,0,Northland,178496,178153,0,0,0,343,4,0,0,0,0,0,149,4
95,17,Canterbury,562849,560830,0,0,0,2019,21,0,0,0,0,0,559,4
95,12,Hutt.Valley,149269,149203,0,0,0,66,1,0,0,0,0,0,173,4
95,7,Tairawhiti,48965,48965,0,0,0,0,0,0,0,0,0,0,63,4
95,2,Auckland,538818,537093,0,0,1,1724,22,0,0,0,0,0,515,4
95,6,Bay.of.Plenty,236820,236795,0,0,0,25,0,0,0,0,0,0,232,4
95,10,Whanganui,64564,64500,0,0,0,64,1,0,0,0,0,0,66,4
95,5,Lakes,110040,110007,0,0,0,33,0,0,0,0,0,0,105,4
95,13,Capital.and.Coast,316620,316418,0,0,0,202,0,0,0,0,0,0,304,4
95,18,South.Canterbury,60024,59938,0,0,0,86,1,0,0,0,0,0,61,4
95,15,Nelson.Marlborough,150277,150018,0,0,0,259,3,0,0,0,0,0,160,4
95,19,Southern,328230,328134,0,0,0,96,0,0,0,0,0,0,336,4
95,4,Waikato,417121,416422,0,0,0,699,9,0,0,0,0,0,404,4
95,11,MidCentral,178237,178088,0,0,0,149,3,0,0,0,0,0,194,4
95,14,Wairarapa,44845,44799,0,0,0,46,0,0,0,0,0,0,44,4
95,3,Counties.Manukau,557781,556987,0,0,0,794,9,0,0,0,0,0,582,4
95,8,Taranaki,119640,119550,0,0,0,90,0,0,0,0,0,0,135,4
95,9,Hawkes.Bay,165360,165356,0,0,0,4,0,0,0,0,0,0,174,4
96,8,Taranaki,119640,119550,0,0,0,90,0,0,0,0,0,0,126,4
96,15,Nelson.Marlborough,150277,150018,0,0,0,259,3,0,0,0,0,0,128,4
96,3,Counties.Manukau,557781,556987,0,0,0,794,9,0,0,0,0,0,563,4
96,19,Southern,328230,328134,0,0,0,96,0,0,0,0,0,0,320,4
96,16,West.Coast,32445,32441,0,0,0,4,0,0,0,0,0,0,31,4
96,5,Lakes,110040,110007,0,0,0,33,0,0,0,0,0,0,112,4
96,9,Hawkes.Bay,165360,165356,0,0,0,4,0,0,0,0,0,0,164,4
96,14,Wairarapa,44845,44799,0,0,0,46,0,0,0,0,0,0,55,4
96,1,Waitemata,622340,621082,0,0,2,1256,10,0,0,1,2,0,584,4
96,13,Capital.and.Coast,316620,316418,0,0,0,202,0,0,0,0,0,0,307,4
96,11,MidCentral,178237,178088,0,0,0,149,3,0,0,0,0,0,174,4
96,4,Waikato,417121,416422,0,0,0,699,9,0,0,0,0,0,394,4
96,2,Auckland,538818,537093,0,0,1,1724,22,0,0,0,0,0,492,4
96,10,Whanganui,64564,64500,0,0,0,64,1,0,0,0,0,0,76,4
96,17,Canterbury,562849,560830,0,0,0,2019,21,0,0,0,0,0,581,4
96,0,Northland,178496,178153,0,0,0,343,4,0,0,0,0,0,158,4
96,18,South.Canterbury,60024,59938,0,0,0,86,1,0,0,0,0,0,66,4
96,7,Tairawhiti,48965,48965,0,0,0,0,0,0,0,0,0,0,47,4
96,6,Bay.of.Plenty,236820,236795,0,0,0,25,0,0,0,0,0,0,231,4
96,12,Hutt.Valley,149269,149203,0,0,0,66,1,0,0,0,0,0,135,4
97,18,South.Canterbury,60024,59938,0,0,0,86,1,0,0,0,0,0,68,4
97,4,Waikato,417121,416422,0,0,0,699,9,0,0,0,0,0,420,4
97,5,Lakes,110040,110007,0,0,0,33,0,0,0,0,0,0,125,4
97,19,Southern,328230,328134,0,0,0,96,0,0,0,0,0,0,306,4
97,3,Counties.Manukau,557781,556987,0,0,0,794,9,0,0,0,0,0,547,4
97,14,Wairarapa,44845,44799,0,0,0,46,0,0,0,0,0,0,44,4
97,9,Hawkes.Bay,165360,165356,0,0,0,4,0,0,0,0,0,0,168,4
97,16,West.Coast,32445,32441,0,0,0,4,0,0,0,0,0,0,30,4
97,7,Tairawhiti,48965,48965,0,0,0,0,0,0,0,0,0,0,48,4
97,0,Northland,178496,178153,0,0,0,343,4,0,0,0,0,0,179,4
97,11,MidCentral,178237,178088,0,0,0,149,3,0,0,0,0,0,190,4
97,8,Taranaki,119640,119550,0,0,0,90,0,0,0,0,0,0,109,4
97,12,Hutt.Valley,149269,149203,0,0,0,66,1,0,0,0,0,0,158,4
97,1,Waitemata,622340,621082,0,0,2,1256,10,0,0,0,0,0,648,4
97,17,Canterbury,562849,560830,0,0,0,2019,21,0,0,0,0,0,628,4
97,10,Whanganui,64564,64500,0,0,0,64,1,0,0,0,0,0,58,4
97,15,Nelson.Marlborough,150277,150018,0,0,0,259,3,0,0,0,0,0,134,4
97,6,Bay.of.Plenty,236820,236795,0,0,0,25,0,0,0,0,0,0,254,4
97,2,Auckland,538818,537093,0,0,1,1724,22,0,0,0,0,0,540,4
97,13,Capital.and.Coast,316620,316418,0,0,0,202,0,0,0,0,0,0,320,4
98,8,Taranaki,119640,119550,0,0,0,90,0,0,0,0,0,0,125,4
98,2,Auckland,538818,537093,0,0,1,1724,22,0,0,0,0,0,550,4
98,15,Nelson.Marlborough,150277,150018,0,0,0,259,3,0,0,0,0,0,173,4
98,1,Waitemata,622340,621082,0,0,0,1258,10,0,0,0,2,0,653,4
98,5,Lakes,110040,110007,0,0,0,33,0,0,0,0,0,0,115,4
98,16,West.Coast,32445,32441,0,0,0,4,0,0,0,0,0,0,34,4
98,10,Whanganui,64564,64500,0,0,0,64,1,0,0,0,0,0,69,4
98,9,Hawkes.Bay,165360,165356,0,0,0,4,0,0,0,0,0,0,180,4
98,14,Wairarapa,44845,44799,0,0,0,46,0,0,0,0,0,0,49,4
98,7,Tairawhiti,48965,48965,0,0,0,0,0,0,0,0,0,0,46,4
98,19,Southern,328230,328134,0,0,0,96,0,0,0,0,0,0,319,4
98,3,Counties.Manukau,557781,556987,0,0,0,794,9,0,0,0,0,0,566,4
98,6,Bay.of.Plenty,236820,236795,0,0,0,25,0,0,0,0,0,0,241,4
98,4,Waikato,417121,416422,0,0,0,699,9,0,0,0,0,0,393,4
98,13,Capital.and.Coast,316620,316418,0,0,0,202,0,0,0,0,0,0,304,4
98,0,Northland,178496,178153,0,0,0,343,4,0,0,0,0,0,182,4
98,18,South.Canterbury,60024,59938,0,0,0,86,1,0,0,0,0,0,71,4
98,17,Canterbury,562849,560830,0,0,0,2019,21,0,0,0,0,0,601,4
98,12,Hutt.Valley,149269,149203,0,0,0,66,1,0,0,0,0,0,143,4
98,11,MidCentral,178237,178088,0,0,0,149,3,0,0,0,0,0,176,4
99,11,MidCentral,178237,178088,0,0,0,149,3,0,0,0,0,0,166,4
99,4,Waikato,417121,416422,0,0,0,699,9,0,0,0,0,0,397,4
99,13,Capital.and.Coast,316620,316418,0,0,0,202,0,0,0,0,0,0,312,4
99,10,Whanganui,64564,64500,0,0,0,64,1,0,0,0,0,0,58,4
99,2,Auckland,538818,537093,0,0,1,1724,22,0,0,0,0,0,570,4
99,8,Taranaki,119640,119550,0,0,0,90,0,0,0,0,0,0,131,4
99,19,Southern,328230,328134,0,0,0,96,0,0,0,0,0,0,314,4
99,9,Hawkes.Bay,165360,165356,0,0,0,4,0,0,0,0,0,0,173,4
99,12,Hutt.Valley,149269,149203,0,0,0,66,1,0,0,0,0,0,134,4
99,14,Wairarapa,44845,44799,0,0,0,46,0,0,0,0,0,0,41,4
99,6,Bay.of.Plenty,236820,236795,0,0,0,25,0,0,0,0,0,0,211,4
99,5,Lakes,110040,110007,0,0,0,33,0,0,0,0,0,0,128,4
99,18,South.Canterbury,60024,59938,0,0,0,86,1,0,0,0,0,0,64,4
99,16,West.Coast,32445,32441,0,0,0,4,0,0,0,0,0,0,26,4
99,1,Waitemata,622340,621082,0,0,0,1258,10,0,0,0,0,0,677,4
99,3,Counties.Manukau,557781,556987,0,0,0,794,9,0,0,0,0,0,547,4
99,15,Nelson.Marlborough,150277,150018,0,0,0,259,3,0,0,0,0,0,159,4
99,17,Canterbury,562849,560830,0,0,0,2019,21,0,0,0,0,0,558,4
99,7,Tairawhiti,48965,48965,0,0,0,0,0,0,0,0,0,0,40,4
99,0,Northland,178496,178153,0,0,0,343,4,0,0,0,0,0,184,4
100,8,Taranaki,119640,119550,0,0,0,90,0,0,0,0,0,0,122,4
100,5,Lakes,110040,110007,0,0,0,33,0,0,0,0,0,0,114,4
100,2,Auckland,538818,537093,0,0,1,1724,22,0,0,0,0,0,517,4
100,11,MidCentral,178237,178088,0,0,0,149,3,0,0,0,0,0,180,4
100,14,Wairarapa,44845,44799,0,0,0,46,0,0,0,0,0,0,35,4
100,0,Northland,178496,178153,0,0,0,343,4,0,0,0,0,0,184,4
100,19,Southern,328230,328134,0,0,0,96,0,0,0,0,0,0,359,4
100,6,Bay.of.Plenty,236820,236795,0,0,0,25,0,0,0,0,0,0,235,4
100,10,Whanganui,64564,64500,0,0,0,64,1,0,0,0,0,0,46,4
100,13,Capital.and.Coast,316620,316418,0,0,0,202,0,0,0,0,0,0,307,4
100,3,Counties.Manukau,557781,556987,0,0,0,794,9,0,0,0,0,0,542,4
100,12,Hutt.Valley,149269,149203,0,0,0,66,1,0,0,0,0,0,152,4
100,4,Waikato,417121,416422,0,0,0,699,9,0,0,0,0,0,428,4
100,17,Canterbury,562849,560830,0,0,0,2019,21,0,0,0,0,0,541,4
100,7,Tairawhiti,48965,48965,0,0,0,0,0,0,0,0,0,0,45,4
100,9,Hawkes.Bay,165360,165356,0,0,0,4,0,0,0,0,0,0,160,4
100,18,South.Canterbury,60024,59938,0,0,0,86,1,0,0,0,0,0,57,4
100,15,Nelson.Marlborough,150277,150018,0,0,0,259,3,0,0,0,0,0,162,4
100,16,West.Coast,32445,32441,0,0,0,4,0,0,0,0,0,0,34,4
100,1,Waitemata,622340,621082,0,0,0,1258,10,0,0,0,0,0,598,4
101,10,Whanganui,64564,64500,0,0,0,64,1,0,0,0,0,0,63,4
101,16,West.Coast,32445,32441,0,0,0,4,0,0,0,0,0,0,33,4
101,0,Northland,178496,178153,0,0,0,343,4,0,0,0,0,0,173,4
101,18,South.Canterbury,60024,59938,0,0,0,86,1,0,0,0,0,0,59,4
101,13,Capital.and.Coast,316620,316418,0,0,0,202,0,0,0,0,0,0,316,4
101,15,Nelson.Marlborough,150277,150018,0,0,0,259,3,0,0,0,0,0,133,4
101,2,Auckland,538818,537093,0,0,0,1725,22,0,0,0,1,0,571,4
101,9,Hawkes.Bay,165360,165356,0,0,0,4,0,0,0,0,0,0,180,4
101,4,Waikato,417121,416422,0,0,0,699,9,0,0,0,0,0,455,4
101,17,Canterbury,562849,560830,0,0,0,2019,21,0,0,0,0,0,574,4
101,5,Lakes,110040,110007,0,0,0,33,0,0,0,0,0,0,119,4
101,19,Southern,328230,328134,0,0,0,96,0,0,0,0,0,0,325,4
101,14,Wairarapa,44845,44799,0,0,0,46,0,0,0,0,0,0,54,4
101,11,MidCentral,178237,178088,0,0,0,149,3,0,0,0,0,0,167,4
101,7,Tairawhiti,48965,48965,0,0,0,0,0,0,0,0,0,0,51,4
101,12,Hutt.Valley,149269,149203,0,0,0,66,1,0,0,0,0,0,156,4
101,3,Counties.Manukau,557781,556987,0,0,0,794,9,0,0,0,0,0,549,4
101,1,Waitemata,622340,621082,0,0,0,1258,10,0,0,0,0,0,657,4
101,8,Taranaki,119640,119550,0,0,0,90,0,0,0,0,0,0,132,4
101,6,Bay.of.Plenty,236820,236795,0,0,0,25,0,0,0,0,0,0,261,4
