ticks,who,name,pop.0,susceptible,cum.cases,cum.infected,cum.recovered,new.cases,new.infected,new.recovered,new.tests,alert.level
15,3,Counties.Manukau,557790,557718,62,83,1,11,12,0,558,4
15,13,Capital.and.Coast,316620,316574,34,56,0,2,6,0,295,4
15,19,Southern,328230,328225,3,6,0,0,1,0,355,4
15,10,Whanganui,64565,64565,0,0,0,0,0,0,60,4
15,11,MidCentral,178240,178202,23,43,0,4,6,0,189,4
15,12,Hutt.Valley,149270,149226,36,56,0,4,11,0,154,4
15,8,Taranaki,119640,119631,6,9,0,0,1,0,125,4
15,0,Northland,178500,178495,4,5,0,1,1,0,188,4
15,17,Canterbury,562870,562735,110,158,0,19,25,0,537,4
15,1,Waitemata,622350,622274,54,92,0,7,15,0,651,4
15,15,Nelson.Marlborough,150280,150274,6,8,0,0,0,0,142,4
15,6,Bay.of.Plenty,236820,236767,44,59,0,6,11,0,217,4
15,9,Hawkes.Bay,165360,165349,10,12,0,3,3,0,140,4
15,5,Lakes,110040,110034,4,6,0,1,1,0,115,4
15,4,Waikato,417130,417097,28,38,0,7,7,0,395,4
15,16,West.Coast,32445,32435,9,11,0,0,0,0,40,4
15,7,Tairawhiti,48965,48964,0,1,0,0,0,0,51,4
15,2,Auckland,538840,538727,94,140,1,7,12,1,561,4
15,18,South.Canterbury,60025,59996,20,32,0,4,7,0,67,4
15,14,Wairarapa,44845,44844,1,1,0,0,0,0,47,4
16,4,Waikato,417130,417090,33,45,0,5,7,0,425,4
16,16,West.Coast,32445,32431,11,15,0,2,4,0,29,4
16,9,Hawkes.Bay,165360,165348,10,13,0,0,1,0,156,4
16,0,Northland,178500,178495,4,5,0,0,0,0,151,4
16,19,Southern,328230,328225,3,6,0,0,0,0,335,4
16,14,Wairarapa,44845,44844,1,1,0,0,0,0,46,4
16,18,South.Canterbury,60025,59993,22,35,0,2,3,0,55,4
16,12,Hutt.Valley,149270,149220,39,62,0,3,6,0,145,4
16,10,Whanganui,64565,64565,0,0,0,0,0,0,57,4
16,3,Counties.Manukau,557790,557706,71,95,1,9,12,0,598,4
16,5,Lakes,110040,110034,4,6,0,0,0,0,112,4
16,7,Tairawhiti,48965,48964,0,1,0,0,0,0,53,4
16,2,Auckland,538840,538706,108,161,1,14,21,0,522,4
16,17,Canterbury,562870,562709,130,184,0,20,26,0,579,4
16,1,Waitemata,622350,622267,56,99,0,2,7,0,604,4
16,15,Nelson.Marlborough,150280,150273,6,9,1,0,1,1,134,4
16,8,Taranaki,119640,119631,6,9,0,0,0,0,110,4
16,6,Bay.of.Plenty,236820,236760,48,66,0,4,7,0,228,4
16,13,Capital.and.Coast,316620,316568,38,62,0,4,6,0,327,4
16,11,MidCentral,178240,178190,31,55,0,8,12,0,172,4
17,1,Waitemata,622350,622255,67,111,0,11,12,0,639,4
17,13,Capital.and.Coast,316620,316562,41,68,0,3,6,0,342,4
17,9,Hawkes.Bay,165360,165345,12,16,0,2,3,0,161,4
17,15,Nelson.Marlborough,150280,150272,7,10,1,1,1,0,147,4
17,8,Taranaki,119640,119631,6,9,0,0,0,0,118,4
17,14,Wairarapa,44845,44844,1,1,0,0,0,0,49,4
17,2,Auckland,538840,538698,114,169,1,6,8,0,524,4
17,16,West.Coast,32445,32429,12,17,0,1,2,0,28,4
17,18,South.Canterbury,60025,59990,25,38,0,3,3,0,47,4
17,6,Bay.of.Plenty,236820,236748,56,78,0,8,12,0,209,4
17,4,Waikato,417130,417087,35,48,0,2,3,0,380,4
17,3,Counties.Manukau,557790,557693,80,108,1,9,13,0,545,4
17,10,Whanganui,64565,64565,0,0,0,0,0,0,68,4
17,19,Southern,328230,328224,3,7,0,0,1,0,380,4
17,17,Canterbury,562870,562687,146,206,0,16,22,0,531,4
17,7,Tairawhiti,48965,48964,0,1,0,0,0,0,47,4
17,11,MidCentral,178240,178184,35,61,0,4,6,0,177,4
17,12,Hutt.Valley,149270,149214,43,68,0,4,6,0,157,4
17,0,Northland,178500,178495,4,5,0,0,0,0,174,4
17,5,Lakes,110040,110034,4,6,0,0,0,0,119,4
18,13,Capital.and.Coast,316620,316556,45,74,0,4,6,0,327,4
18,7,Tairawhiti,48965,48964,0,1,0,0,0,0,40,4
18,14,Wairarapa,44845,44844,1,1,0,0,0,0,49,4
18,9,Hawkes.Bay,165360,165343,12,18,0,0,2,0,144,4
18,6,Bay.of.Plenty,236820,236742,59,84,0,3,6,0,239,4
18,1,Waitemata,622350,622245,73,121,0,6,10,0,605,4
18,16,West.Coast,32445,32426,15,20,0,3,3,0,26,4
18,10,Whanganui,64565,64565,0,0,0,0,0,0,72,4
18,0,Northland,178500,178494,5,6,0,1,1,0,165,4
18,19,Southern,328230,328223,4,8,0,1,1,0,352,4
18,12,Hutt.Valley,149270,149210,44,72,0,1,4,0,148,4
18,18,South.Canterbury,60025,59983,27,45,0,2,7,0,45,4
18,8,Taranaki,119640,119631,6,9,0,0,0,0,115,4
18,4,Waikato,417130,417077,41,58,0,6,10,0,444,4
18,2,Auckland,538840,538679,124,188,1,10,19,0,537,4
18,17,Canterbury,562870,562667,155,226,0,9,20,0,590,4
18,5,Lakes,110040,110033,5,7,0,1,1,0,102,4
18,3,Counties.Manukau,557790,557681,88,120,1,8,12,0,579,4
18,11,MidCentral,178240,178181,36,64,0,1,3,0,184,4
18,15,Nelson.Marlborough,150280,150271,8,11,1,1,1,0,148,4
19,6,Bay.of.Plenty,236820,236738,62,88,0,3,4,0,233,4
19,19,Southern,328230,328222,5,9,0,1,1,0,313,4
19,9,Hawkes.Bay,165360,165341,13,20,0,1,2,0,172,4
19,8,Taranaki,119640,119631,6,9,0,0,0,0,104,4
19,0,Northland,178500,178493,5,7,0,0,1,0,186,4
19,18,South.Canterbury,60025,59979,30,49,0,3,4,0,57,4
19,12,Hutt.Valley,149270,149205,49,77,0,5,5,0,169,4
19,4,Waikato,417130,417074,43,61,0,2,3,0,413,4
19,2,Auckland,538840,538665,129,202,1,5,14,0,561,4
19,14,Wairarapa,44845,44844,1,1,0,0,0,0,40,4
19,15,Nelson.Marlborough,150280,150270,9,12,1,1,1,0,116,4
19,16,West.Coast,32445,32425,16,21,0,1,1,0,33,4
19,13,Capital.and.Coast,316620,316551,49,79,1,4,5,1,315,4
19,10,Whanganui,64565,64565,0,0,0,0,0,0,63,4
19,1,Waitemata,622350,622233,81,133,0,8,12,0,614,4
19,17,Canterbury,562870,562650,166,243,0,11,17,0,570,4
19,5,Lakes,110040,110033,5,7,0,0,0,0,100,4
19,3,Counties.Manukau,557790,557670,96,131,1,8,11,0,561,4
19,7,Tairawhiti,48965,48964,0,1,0,0,0,0,45,4
19,11,MidCentral,178240,178177,39,68,0,3,4,0,202,4
20,19,Southern,328230,328221,6,10,0,1,1,0,379,4
20,14,Wairarapa,44845,44844,1,1,0,0,0,0,50,4
20,16,West.Coast,32445,32423,17,23,0,1,2,0,49,4
20,7,Tairawhiti,48965,48964,0,1,0,0,0,0,53,4
20,5,Lakes,110040,110033,5,7,0,0,0,0,121,4
20,0,Northland,178500,178493,5,7,0,0,0,0,183,4
20,9,Hawkes.Bay,165360,165336,16,25,0,3,5,0,148,4
20,8,Taranaki,119640,119631,6,9,0,0,0,0,113,4
20,18,South.Canterbury,60025,59976,32,52,0,2,3,0,63,4
20,10,Whanganui,64565,64565,0,0,0,0,0,0,56,4
20,3,Counties.Manukau,557790,557665,99,136,1,3,5,0,559,4
20,1,Waitemata,622350,622223,87,143,1,6,10,1,616,4
20,17,Canterbury,562870,562641,173,252,0,7,9,0,578,4
20,12,Hutt.Valley,149270,149198,54,84,0,5,7,0,155,4
20,11,MidCentral,178240,178172,43,73,0,4,5,0,192,4
20,2,Auckland,538840,538656,138,211,1,9,9,0,567,4
20,4,Waikato,417130,417071,45,64,0,2,3,0,411,4
20,15,Nelson.Marlborough,150280,150270,9,12,1,0,0,0,142,4
20,13,Capital.and.Coast,316620,316546,52,84,1,3,5,0,345,4
20,6,Bay.of.Plenty,236820,236733,66,93,0,4,5,0,241,4
21,3,Counties.Manukau,557790,557664,100,137,1,1,1,0,560,4
21,7,Tairawhiti,48965,48964,0,1,0,0,0,0,54,4
21,18,South.Canterbury,60025,59973,35,55,0,3,3,0,67,4
21,4,Waikato,417130,417070,45,65,0,0,1,0,416,4
21,11,MidCentral,178240,178170,44,75,0,1,2,0,191,4
21,17,Canterbury,562870,562638,176,255,0,3,3,0,569,4
21,16,West.Coast,32445,32422,18,24,0,1,1,0,21,4
21,8,Taranaki,119640,119631,6,9,0,0,0,0,121,4
21,9,Hawkes.Bay,165360,165335,16,26,0,0,1,0,178,4
21,12,Hutt.Valley,149270,149195,56,87,0,2,3,0,165,4
21,15,Nelson.Marlborough,150280,150269,9,13,1,0,1,0,138,4
21,19,Southern,328230,328220,6,11,0,0,1,0,322,4
21,13,Capital.and.Coast,316620,316546,52,84,1,0,0,0,314,4
21,14,Wairarapa,44845,44844,1,1,0,0,0,0,48,4
21,0,Northland,178500,178493,5,7,0,0,0,0,199,4
21,1,Waitemata,622350,622221,88,145,1,1,2,0,602,4
21,6,Bay.of.Plenty,236820,236731,67,95,0,1,2,0,200,4
21,5,Lakes,110040,110033,5,7,0,0,0,0,121,4
21,10,Whanganui,64565,64565,0,0,0,0,0,0,67,4
21,2,Auckland,538840,538648,142,219,1,4,8,0,533,4
22,17,Canterbury,562870,562630,180,263,1,4,8,1,559,4
22,19,Southern,328230,328220,6,11,0,0,0,0,315,4
22,13,Capital.and.Coast,316620,316546,52,84,1,0,0,0,318,4
22,14,Wairarapa,44845,44844,1,1,0,0,0,0,41,4
22,9,Hawkes.Bay,165360,165335,16,26,0,0,0,0,147,4
22,0,Northland,178500,178493,5,7,0,0,0,0,171,4
22,12,Hutt.Valley,149270,149193,58,89,0,2,2,0,136,4
22,1,Waitemata,622350,622218,88,148,2,0,3,1,628,4
22,16,West.Coast,32445,32422,18,24,0,0,0,0,33,4
22,18,South.Canterbury,60025,59972,35,56,0,0,1,0,71,4
22,10,Whanganui,64565,64565,0,0,0,0,0,0,73,4
22,15,Nelson.Marlborough,150280,150269,9,13,1,0,0,0,156,4
22,5,Lakes,110040,110033,5,7,0,0,0,0,106,4
22,11,MidCentral,178240,178166,47,79,0,3,4,0,166,4
22,3,Counties.Manukau,557790,557662,102,139,1,2,2,0,559,4
22,8,Taranaki,119640,119631,6,9,0,0,0,0,115,4
22,2,Auckland,538840,538645,145,222,1,3,3,0,564,4
22,6,Bay.of.Plenty,236820,236731,67,95,0,0,0,0,218,4
22,4,Waikato,417130,417067,46,68,0,1,3,0,447,4
22,7,Tairawhiti,48965,48964,0,1,0,0,0,0,58,4
23,15,Nelson.Marlborough,150280,150269,9,13,1,0,0,0,152,4
23,11,MidCentral,178240,178164,47,81,1,0,2,1,162,4
23,17,Canterbury,562870,562626,182,267,1,2,4,0,572,4
23,1,Waitemata,622350,622214,91,152,2,3,4,0,582,4
23,0,Northland,178500,178493,5,7,0,0,0,0,184,4
23,3,Counties.Manukau,557790,557661,103,140,1,1,1,0,592,4
23,7,Tairawhiti,48965,48964,0,1,0,0,0,0,48,4
23,4,Waikato,417130,417067,46,68,0,0,0,0,432,4
23,2,Auckland,538840,538643,146,224,1,1,2,0,570,4
23,5,Lakes,110040,110033,5,7,1,0,0,1,106,4
23,12,Hutt.Valley,149270,149192,59,90,0,1,1,0,134,4
23,18,South.Canterbury,60025,59972,35,56,0,0,0,0,60,4
23,6,Bay.of.Plenty,236820,236728,69,98,0,2,3,0,231,4
23,9,Hawkes.Bay,165360,165335,16,26,0,0,0,0,183,4
23,14,Wairarapa,44845,44844,1,1,0,0,0,0,42,4
23,19,Southern,328230,328220,6,11,0,0,0,0,339,4
23,13,Capital.and.Coast,316620,316543,54,87,1,2,3,0,327,4
23,10,Whanganui,64565,64564,0,1,0,0,1,0,66,4
23,8,Taranaki,119640,119631,6,9,0,0,0,0,124,4
23,16,West.Coast,32445,32422,18,24,0,0,0,0,35,4
24,11,MidCentral,178240,178163,48,82,1,1,1,0,200,4
24,8,Taranaki,119640,119631,6,9,0,0,0,0,130,4
24,9,Hawkes.Bay,165360,165335,16,26,0,0,0,0,178,4
24,18,South.Canterbury,60025,59969,37,59,0,2,3,0,57,4
24,3,Counties.Manukau,557790,557655,106,146,1,3,6,0,574,4
24,1,Waitemata,622350,622211,93,155,3,2,3,1,664,4
24,13,Capital.and.Coast,316620,316539,56,91,1,2,4,0,287,4
24,19,Southern,328230,328220,6,11,0,0,0,0,339,4
24,16,West.Coast,32445,32422,18,24,0,0,0,0,27,4
24,15,Nelson.Marlborough,150280,150269,9,13,1,0,0,0,143,4
24,4,Waikato,417130,417063,47,72,0,1,4,0,440,4
24,10,Whanganui,64565,64564,0,1,0,0,0,0,52,4
24,6,Bay.of.Plenty,236820,236723,72,103,0,3,5,0,270,4
24,12,Hutt.Valley,149270,149192,59,90,0,0,0,0,137,4
24,7,Tairawhiti,48965,48964,0,1,0,0,0,0,47,4
24,2,Auckland,538840,538642,147,225,1,1,1,0,573,4
24,0,Northland,178500,178493,5,7,0,0,0,0,188,4
24,5,Lakes,110040,110033,5,7,2,0,0,1,119,4
24,14,Wairarapa,44845,44844,1,1,0,0,0,0,44,4
24,17,Canterbury,562870,562625,183,268,1,1,1,0,617,4
25,14,Wairarapa,44845,44844,1,1,0,0,0,0,33,4
25,18,South.Canterbury,60025,59969,37,59,0,0,0,0,60,4
25,15,Nelson.Marlborough,150280,150269,9,13,1,0,0,0,137,4
25,3,Counties.Manukau,557790,557652,107,149,1,1,3,0,555,4
25,16,West.Coast,32445,32422,18,24,0,0,0,0,26,4
25,7,Tairawhiti,48965,48964,0,1,0,0,0,0,53,4
25,6,Bay.of.Plenty,236820,236720,75,106,0,3,3,0,254,4
25,11,MidCentral,178240,178161,49,84,1,1,2,0,149,4
25,19,Southern,328230,328220,6,11,1,0,0,1,339,4
25,10,Whanganui,64565,64564,0,1,0,0,0,0,58,4
25,1,Waitemata,622350,622209,95,157,3,2,2,0,649,4
25,4,Waikato,417130,417062,48,73,0,1,1,0,405,4
25,5,Lakes,110040,110033,5,7,2,0,0,0,109,4
25,12,Hutt.Valley,149270,149192,59,90,0,0,0,0,158,4
25,17,Canterbury,562870,562623,185,270,1,2,2,0,579,4
25,2,Auckland,538840,538639,149,228,3,2,3,2,529,4
25,9,Hawkes.Bay,165360,165334,17,27,0,1,1,0,172,4
25,8,Taranaki,119640,119631,6,9,0,0,0,0,114,4
25,13,Capital.and.Coast,316620,316539,56,91,1,0,0,0,313,4
25,0,Northland,178500,178492,6,8,1,1,1,1,170,4
26,4,Waikato,417130,417060,48,75,1,0,2,1,439,4
26,19,Southern,328230,328220,6,11,1,0,0,0,302,4
26,6,Bay.of.Plenty,236820,236720,75,106,0,0,0,0,253,4
26,7,Tairawhiti,48965,48964,0,1,0,0,0,0,60,4
26,11,MidCentral,178240,178158,51,87,1,2,3,0,172,4
26,10,Whanganui,64565,64564,0,1,0,0,0,0,59,4
26,17,Canterbury,562870,562620,187,273,2,2,3,1,581,4
26,8,Taranaki,119640,119631,6,9,0,0,0,0,122,4
26,3,Counties.Manukau,557790,557651,107,150,1,0,1,0,569,4
26,1,Waitemata,622350,622209,95,157,3,0,0,0,605,4
26,16,West.Coast,32445,32419,20,27,0,2,3,0,27,4
26,9,Hawkes.Bay,165360,165334,17,27,0,0,0,0,151,4
26,12,Hutt.Valley,149270,149192,59,90,0,0,0,0,139,4
26,14,Wairarapa,44845,44844,1,1,0,0,0,0,51,4
26,13,Capital.and.Coast,316620,316539,56,91,1,0,0,0,305,4
26,0,Northland,178500,178492,6,8,1,0,0,0,167,4
26,5,Lakes,110040,110033,5,7,2,0,0,0,112,4
26,15,Nelson.Marlborough,150280,150269,9,13,1,0,0,0,169,4
26,2,Auckland,538840,538637,151,230,3,2,2,0,503,4
26,18,South.Canterbury,60025,59967,37,61,0,0,2,0,65,4
27,14,Wairarapa,44845,44844,1,1,0,0,0,0,51,4
27,7,Tairawhiti,48965,48964,0,1,0,0,0,0,37,4
27,8,Taranaki,119640,119631,6,9,0,0,0,0,123,4
27,1,Waitemata,622350,622207,96,159,3,1,2,0,628,4
27,0,Northland,178500,178492,6,8,1,0,0,0,185,4
27,15,Nelson.Marlborough,150280,150269,9,13,1,0,0,0,138,4
27,16,West.Coast,32445,32419,20,27,0,0,0,0,24,4
27,11,MidCentral,178240,178158,51,87,1,0,0,0,188,4
27,3,Counties.Manukau,557790,557650,108,151,2,1,1,1,518,4
27,10,Whanganui,64565,64564,0,1,0,0,0,0,68,4
27,4,Waikato,417130,417060,48,75,1,0,0,0,388,4
27,13,Capital.and.Coast,316620,316539,56,91,1,0,0,0,300,4
27,17,Canterbury,562870,562619,188,274,3,1,1,1,545,4
27,2,Auckland,538840,538636,152,231,3,1,1,0,574,4
27,18,South.Canterbury,60025,59967,37,61,0,0,0,0,53,4
27,12,Hutt.Valley,149270,149192,59,90,1,0,0,1,157,4
27,9,Hawkes.Bay,165360,165334,17,27,0,0,0,0,163,4
27,5,Lakes,110040,110033,5,7,2,0,0,0,110,4
27,19,Southern,328230,328220,6,11,1,0,0,0,312,4
27,6,Bay.of.Plenty,236820,236720,75,106,1,0,0,1,243,4
28,16,West.Coast,32445,32419,20,27,0,0,0,0,45,4
28,17,Canterbury,562870,562615,189,278,3,1,4,0,569,4
28,8,Taranaki,119640,119631,6,9,0,0,0,0,113,4
28,10,Whanganui,64565,64564,0,1,0,0,0,0,64,4
28,19,Southern,328230,328220,6,11,1,0,0,0,338,4
28,3,Counties.Manukau,557790,557649,108,152,2,0,1,0,572,4
28,4,Waikato,417130,417060,48,75,1,0,0,0,404,4
28,7,Tairawhiti,48965,48964,0,1,0,0,0,0,46,4
28,18,South.Canterbury,60025,59967,37,61,0,0,0,0,58,4
28,11,MidCentral,178240,178156,53,89,2,2,2,1,202,4
28,0,Northland,178500,178492,6,8,2,0,0,1,180,4
28,6,Bay.of.Plenty,236820,236719,75,107,1,0,1,0,212,4
28,12,Hutt.Valley,149270,149192,59,90,1,0,0,0,151,4
28,2,Auckland,538840,538636,152,231,3,0,0,0,568,4
28,14,Wairarapa,44845,44844,1,1,0,0,0,0,45,4
28,9,Hawkes.Bay,165360,165334,17,27,0,0,0,0,150,4
28,13,Capital.and.Coast,316620,316537,57,93,1,1,2,0,328,4
28,15,Nelson.Marlborough,150280,150269,9,13,1,0,0,0,137,4
28,5,Lakes,110040,110033,5,7,3,0,0,1,123,4
28,1,Waitemata,622350,622204,96,162,3,0,3,0,638,4
29,8,Taranaki,119640,119631,6,9,1,0,0,1,115,4
29,4,Waikato,417130,417060,48,75,1,0,0,0,438,4
29,2,Auckland,538840,538635,153,232,4,1,1,1,554,4
29,9,Hawkes.Bay,165360,165334,17,27,1,0,0,1,164,4
29,11,MidCentral,178240,178154,53,91,2,0,2,0,168,4
29,14,Wairarapa,44845,44844,1,1,0,0,0,0,50,4
29,13,Capital.and.Coast,316620,316537,57,93,3,0,0,2,307,4
29,15,Nelson.Marlborough,150280,150269,9,13,1,0,0,0,157,4
29,16,West.Coast,32445,32419,20,27,0,0,0,0,40,4
29,1,Waitemata,622350,622204,96,162,3,0,0,0,625,4
29,19,Southern,328230,328220,6,11,1,0,0,0,324,4
29,3,Counties.Manukau,557790,557648,109,153,3,1,1,1,534,4
29,10,Whanganui,64565,64564,0,1,0,0,0,0,69,4
29,6,Bay.of.Plenty,236820,236719,75,107,1,0,0,0,233,4
29,0,Northland,178500,178492,6,8,2,0,0,0,164,4
29,7,Tairawhiti,48965,48964,0,1,0,0,0,0,49,4
29,5,Lakes,110040,110033,5,7,3,0,0,0,107,4
29,17,Canterbury,562870,562615,189,278,4,0,0,1,562,4
29,18,South.Canterbury,60025,59967,37,61,0,0,0,0,54,4
29,12,Hutt.Valley,149270,149192,59,90,1,0,0,0,151,4
30,3,Counties.Manukau,557790,557646,110,155,5,1,2,2,564,4
30,15,Nelson.Marlborough,150280,150269,9,13,1,0,0,0,144,4
30,7,Tairawhiti,48965,48964,0,1,1,0,0,1,48,4
30,14,Wairarapa,44845,44844,1,1,0,0,0,0,35,4
30,5,Lakes,110040,110033,5,7,3,0,0,0,116,4
30,12,Hutt.Valley,149270,149192,59,90,1,0,0,0,137,4
30,19,Southern,328230,328220,6,11,1,0,0,0,333,4
30,17,Canterbury,562870,562615,189,278,5,0,0,1,618,4
30,16,West.Coast,32445,32419,20,27,0,0,0,0,34,4
30,8,Taranaki,119640,119631,6,9,1,0,0,0,112,4
30,11,MidCentral,178240,178153,54,92,4,1,1,2,198,4
30,0,Northland,178500,178492,6,8,3,0,0,1,177,4
30,9,Hawkes.Bay,165360,165334,17,27,1,0,0,0,158,4
30,4,Waikato,417130,417060,48,75,1,0,0,0,426,4
30,10,Whanganui,64565,64564,0,1,0,0,0,0,84,4
30,18,South.Canterbury,60025,59967,37,61,0,0,0,0,61,4
30,1,Waitemata,622350,622203,97,163,4,1,1,1,619,4
30,13,Capital.and.Coast,316620,316537,57,93,3,0,0,0,316,4
30,6,Bay.of.Plenty,236820,236719,75,107,1,0,0,0,226,4
30,2,Auckland,538840,538633,155,234,4,2,2,0,520,4
31,18,South.Canterbury,60025,59966,38,62,0,1,1,0,56,4
31,12,Hutt.Valley,149270,149192,59,90,1,0,0,0,163,4
31,10,Whanganui,64565,64564,0,1,0,0,0,0,68,4
31,3,Counties.Manukau,557790,557646,110,155,5,0,0,0,566,4
31,7,Tairawhiti,48965,48964,0,1,1,0,0,0,52,4
31,15,Nelson.Marlborough,150280,150269,9,13,1,0,0,0,166,4
31,4,Waikato,417130,417060,48,75,1,0,0,0,398,4
31,16,West.Coast,32445,32419,20,27,0,0,0,0,40,4
31,8,Taranaki,119640,119631,6,9,1,0,0,0,120,4
31,1,Waitemata,622350,622202,98,164,5,1,1,1,606,4
31,19,Southern,328230,328220,6,11,1,0,0,0,319,4
31,14,Wairarapa,44845,44844,1,1,0,0,0,0,51,4
31,6,Bay.of.Plenty,236820,236719,75,107,2,0,0,1,214,4
31,17,Canterbury,562870,562614,190,279,7,1,1,2,559,4
31,5,Lakes,110040,110033,5,7,3,0,0,0,107,4
31,11,MidCentral,178240,178152,55,93,4,1,1,0,173,4
31,9,Hawkes.Bay,165360,165334,17,27,1,0,0,0,160,4
31,0,Northland,178500,178492,6,8,3,0,0,0,188,4
31,2,Auckland,538840,538633,155,234,4,0,0,0,559,4
31,13,Capital.and.Coast,316620,316537,57,93,4,0,0,1,309,4
32,0,Northland,178500,178492,6,8,3,0,0,0,186,4
32,13,Capital.and.Coast,316620,316537,57,93,4,0,0,0,307,4
32,19,Southern,328230,328220,6,11,1,0,0,0,326,4
32,15,Nelson.Marlborough,150280,150268,9,14,1,0,1,0,137,4
32,5,Lakes,110040,110033,5,7,3,0,0,0,116,4
32,16,West.Coast,32445,32419,20,27,1,0,0,1,33,4
32,12,Hutt.Valley,149270,149192,59,90,3,0,0,2,152,4
32,6,Bay.of.Plenty,236820,236719,75,107,2,0,0,0,239,4
32,7,Tairawhiti,48965,48964,0,1,1,0,0,0,51,4
32,17,Canterbury,562870,562614,190,279,9,0,0,2,541,4
32,2,Auckland,538840,538633,155,234,6,0,0,2,527,4
32,8,Taranaki,119640,119631,6,9,2,0,0,1,130,4
32,3,Counties.Manukau,557790,557646,110,155,6,0,0,1,588,4
32,1,Waitemata,622350,622202,98,164,5,0,0,0,630,4
32,4,Waikato,417130,417060,48,75,3,0,0,2,444,4
32,11,MidCentral,178240,178152,55,93,4,0,0,0,186,4
32,14,Wairarapa,44845,44844,1,1,0,0,0,0,55,4
32,10,Whanganui,64565,64564,0,1,0,0,0,0,63,4
32,18,South.Canterbury,60025,59966,38,62,0,0,0,0,58,4
32,9,Hawkes.Bay,165360,165334,17,27,1,0,0,0,157,4
33,0,Northland,178500,178492,6,8,3,0,0,0,174,4
33,13,Capital.and.Coast,316620,316537,57,93,4,0,0,0,337,4
33,8,Taranaki,119640,119631,6,9,3,0,0,1,120,4
33,10,Whanganui,64565,64564,0,1,0,0,0,0,56,4
33,19,Southern,328230,328220,6,11,1,0,0,0,320,4
33,9,Hawkes.Bay,165360,165334,17,27,1,0,0,0,171,4
33,6,Bay.of.Plenty,236820,236717,76,109,3,1,2,1,225,4
33,14,Wairarapa,44845,44844,1,1,0,0,0,0,44,4
33,18,South.Canterbury,60025,59966,38,62,1,0,0,1,72,4
33,4,Waikato,417130,417060,48,75,3,0,0,0,413,4
33,3,Counties.Manukau,557790,557646,110,155,7,0,0,1,563,4
33,2,Auckland,538840,538633,155,234,7,0,0,1,547,4
33,12,Hutt.Valley,149270,149192,59,90,3,0,0,0,154,4
33,11,MidCentral,178240,178152,55,93,5,0,0,1,177,4
33,5,Lakes,110040,110033,5,7,3,0,0,0,108,4
33,15,Nelson.Marlborough,150280,150268,9,14,1,0,0,0,136,4
33,7,Tairawhiti,48965,48964,0,1,1,0,0,0,55,4
33,16,West.Coast,32445,32419,20,27,1,0,0,0,28,4
33,1,Waitemata,622350,622202,98,164,5,0,0,0,605,4
33,17,Canterbury,562870,562614,190,279,9,0,0,0,556,4
34,13,Capital.and.Coast,316620,316537,57,93,7,0,0,3,320,4
34,17,Canterbury,562870,562614,190,279,12,0,0,3,547,4
34,10,Whanganui,64565,64564,0,1,0,0,0,0,56,4
34,11,MidCentral,178240,178151,56,94,6,1,1,1,207,4
34,18,South.Canterbury,60025,59966,38,62,1,0,0,0,49,4
34,1,Waitemata,622350,622202,98,164,7,0,0,2,628,4
34,7,Tairawhiti,48965,48964,0,1,1,0,0,0,43,4
34,12,Hutt.Valley,149270,149192,59,90,3,0,0,0,156,4
34,8,Taranaki,119640,119631,6,9,3,0,0,0,119,4
34,15,Nelson.Marlborough,150280,150268,9,14,1,0,0,0,147,4
34,6,Bay.of.Plenty,236820,236717,76,109,4,0,0,1,249,4
34,5,Lakes,110040,110033,5,7,3,0,0,0,109,4
34,9,Hawkes.Bay,165360,165334,17,27,1,0,0,0,154,4
34,3,Counties.Manukau,557790,557646,110,155,9,0,0,2,572,4
34,16,West.Coast,32445,32419,20,27,1,0,0,0,44,4
34,19,Southern,328230,328220,6,11,1,0,0,0,330,4
34,4,Waikato,417130,417060,48,75,3,0,0,0,433,4
34,0,Northland,178500,178492,6,8,3,0,0,0,196,4
34,2,Auckland,538840,538633,155,234,9,0,0,2,526,4
34,14,Wairarapa,44845,44844,1,1,0,0,0,0,54,4
35,7,Tairawhiti,48965,48964,0,1,1,0,0,0,74,4
35,3,Counties.Manukau,557790,557646,110,155,11,0,0,2,592,4
35,0,Northland,178500,178492,6,8,3,0,0,0,165,4
35,15,Nelson.Marlborough,150280,150268,9,14,1,0,0,0,144,4
35,18,South.Canterbury,60025,59966,38,62,1,0,0,0,59,4
35,14,Wairarapa,44845,44844,1,1,0,0,0,0,30,4
35,9,Hawkes.Bay,165360,165334,17,27,2,0,0,1,169,4
35,5,Lakes,110040,110033,5,7,3,0,0,0,97,4
35,12,Hutt.Valley,149270,149192,59,90,5,0,0,2,132,4
35,1,Waitemata,622350,622202,98,164,10,0,0,3,647,4
35,11,MidCentral,178240,178150,57,95,6,1,1,0,166,4
35,10,Whanganui,64565,64564,0,1,0,0,0,0,63,4
35,17,Canterbury,562870,562614,190,279,14,0,0,2,590,4
35,16,West.Coast,32445,32419,20,27,2,0,0,1,30,4
35,4,Waikato,417130,417060,48,75,3,0,0,0,373,4
35,19,Southern,328230,328220,6,11,1,0,0,0,326,4
35,6,Bay.of.Plenty,236820,236717,76,109,5,0,0,1,223,4
35,2,Auckland,538840,538633,155,234,10,0,0,1,564,4
35,13,Capital.and.Coast,316620,316537,57,93,8,0,0,1,314,4
35,8,Taranaki,119640,119631,6,9,3,0,0,0,119,4
36,13,Capital.and.Coast,316620,316537,57,93,10,0,0,2,317,4
36,3,Counties.Manukau,557790,557646,110,155,15,0,0,4,549,4
36,7,Tairawhiti,48965,48964,0,1,1,0,0,0,53,4
36,4,Waikato,417130,417060,48,75,5,0,0,2,407,4
36,0,Northland,178500,178492,6,8,3,0,0,0,174,4
36,11,MidCentral,178240,178150,57,95,7,0,0,1,171,4
36,8,Taranaki,119640,119630,7,10,4,1,1,1,101,4
36,18,South.Canterbury,60025,59966,38,62,3,0,0,2,59,4
36,10,Whanganui,64565,64564,0,1,0,0,0,0,65,4
36,15,Nelson.Marlborough,150280,150268,9,14,1,0,0,0,154,4
36,5,Lakes,110040,110033,5,7,3,0,0,0,118,4
36,6,Bay.of.Plenty,236820,236717,76,109,8,0,0,3,261,4
36,16,West.Coast,32445,32419,20,27,2,0,0,0,30,4
36,2,Auckland,538840,538633,155,234,12,0,0,2,553,4
36,17,Canterbury,562870,562614,190,279,18,0,0,4,552,4
36,9,Hawkes.Bay,165360,165334,17,27,2,0,0,0,149,4
36,19,Southern,328230,328220,6,11,1,0,0,0,330,4
36,1,Waitemata,622350,622201,99,165,11,1,1,1,645,4
36,12,Hutt.Valley,149270,149192,59,90,5,0,0,0,139,4
36,14,Wairarapa,44845,44844,1,1,0,0,0,0,43,4
37,12,Hutt.Valley,149270,149192,59,90,7,0,0,2,171,4
37,2,Auckland,538840,538633,155,234,19,0,0,7,552,4
37,13,Capital.and.Coast,316620,316537,57,93,13,0,0,3,296,4
37,5,Lakes,110040,110033,5,7,4,0,0,1,141,4
37,6,Bay.of.Plenty,236820,236717,76,109,9,0,0,1,269,4
37,14,Wairarapa,44845,44844,1,1,0,0,0,0,48,4
37,7,Tairawhiti,48965,48964,0,1,1,0,0,0,47,4
37,1,Waitemata,622350,622201,99,165,12,0,0,1,601,4
37,8,Taranaki,119640,119630,7,10,5,0,0,1,124,4
37,10,Whanganui,64565,64564,0,1,0,0,0,0,76,4
37,18,South.Canterbury,60025,59966,38,62,3,0,0,0,59,4
37,0,Northland,178500,178492,6,8,3,0,0,0,168,4
37,3,Counties.Manukau,557790,557646,110,155,19,0,0,4,538,4
37,9,Hawkes.Bay,165360,165334,17,27,2,0,0,0,164,4
37,17,Canterbury,562870,562614,190,279,22,0,0,4,553,4
37,4,Waikato,417130,417060,48,75,6,0,0,1,440,4
37,11,MidCentral,178240,178150,57,95,7,0,0,0,176,4
37,16,West.Coast,32445,32419,20,27,2,0,0,0,31,4
37,19,Southern,328230,328220,6,11,1,0,0,0,326,4
37,15,Nelson.Marlborough,150280,150268,9,14,1,0,0,0,141,4
38,2,Auckland,538840,538633,155,234,25,0,0,6,523,4
38,4,Waikato,417130,417060,48,75,7,0,0,1,413,4
38,0,Northland,178500,178492,6,8,3,0,0,0,186,4
38,7,Tairawhiti,48965,48964,0,1,1,0,0,0,57,4
38,13,Capital.and.Coast,316620,316537,57,93,15,0,0,2,296,4
38,18,South.Canterbury,60025,59966,38,62,4,0,0,1,70,4
38,12,Hutt.Valley,149270,149192,59,90,8,0,0,1,179,4
38,8,Taranaki,119640,119630,7,10,6,0,0,1,130,4
38,15,Nelson.Marlborough,150280,150268,9,14,2,0,0,1,142,4
38,1,Waitemata,622350,622201,99,165,13,0,0,1,629,4
38,14,Wairarapa,44845,44844,1,1,0,0,0,0,42,4
38,19,Southern,328230,328220,6,11,1,0,0,0,284,4
38,10,Whanganui,64565,64564,0,1,0,0,0,0,67,4
38,5,Lakes,110040,110033,5,7,4,0,0,0,106,4
38,9,Hawkes.Bay,165360,165334,17,27,2,0,0,0,186,4
38,17,Canterbury,562870,562614,190,279,28,0,0,6,640,4
38,3,Counties.Manukau,557790,557646,110,155,20,0,0,1,529,4
38,11,MidCentral,178240,178150,57,95,12,0,0,5,178,4
38,6,Bay.of.Plenty,236820,236716,77,110,12,1,1,3,254,4
38,16,West.Coast,32445,32419,20,27,2,0,0,0,33,4
39,4,Waikato,417130,417060,48,75,10,0,0,3,400,4
39,8,Taranaki,119640,119630,7,10,6,0,0,0,125,4
39,12,Hutt.Valley,149270,149192,59,90,9,0,0,1,135,4
39,19,Southern,328230,328220,6,11,1,0,0,0,326,4
39,2,Auckland,538840,538633,155,234,30,0,0,5,602,4
39,10,Whanganui,64565,64564,0,1,0,0,0,0,66,4
39,17,Canterbury,562870,562614,190,279,34,0,0,6,587,4
39,15,Nelson.Marlborough,150280,150268,9,14,2,0,0,0,142,4
39,7,Tairawhiti,48965,48964,0,1,1,0,0,0,53,4
39,14,Wairarapa,44845,44844,1,1,0,0,0,0,37,4
39,6,Bay.of.Plenty,236820,236716,77,110,15,0,0,3,256,4
39,11,MidCentral,178240,178150,57,95,14,0,0,2,168,4
39,13,Capital.and.Coast,316620,316537,57,93,16,0,0,1,293,4
39,5,Lakes,110040,110033,5,7,5,0,0,1,113,4
39,16,West.Coast,32445,32419,20,27,2,0,0,0,30,4
39,9,Hawkes.Bay,165360,165334,17,27,3,0,0,1,163,4
39,0,Northland,178500,178492,6,8,3,0,0,0,179,4
39,18,South.Canterbury,60025,59966,38,62,6,0,0,2,73,4
39,1,Waitemata,622350,622201,99,165,19,0,0,6,608,4
39,3,Counties.Manukau,557790,557646,110,155,24,0,0,4,554,4
40,3,Counties.Manukau,557790,557646,110,155,30,0,0,6,564,4
40,19,Southern,328230,328220,6,11,1,0,0,0,342,4
40,0,Northland,178500,178492,6,8,3,0,0,0,180,4
40,2,Auckland,538840,538633,155,234,42,0,0,12,497,4
40,6,Bay.of.Plenty,236820,236716,77,110,21,0,0,6,246,4
40,1,Waitemata,622350,622201,99,165,23,0,0,4,603,4
40,7,Tairawhiti,48965,48964,0,1,1,0,0,0,55,4
40,5,Lakes,110040,110033,5,7,5,0,0,0,102,4
40,15,Nelson.Marlborough,150280,150268,9,14,2,0,0,0,153,4
40,17,Canterbury,562870,562614,190,279,39,0,0,5,551,4
40,9,Hawkes.Bay,165360,165334,17,27,5,0,0,2,176,4
40,8,Taranaki,119640,119630,7,10,7,0,0,1,119,4
40,12,Hutt.Valley,149270,149192,59,90,11,0,0,2,159,4
40,4,Waikato,417130,417060,48,75,13,0,0,3,414,4
40,14,Wairarapa,44845,44844,1,1,0,0,0,0,42,4
40,10,Whanganui,64565,64564,0,1,0,0,0,0,67,4
40,16,West.Coast,32445,32419,20,27,3,0,0,1,27,4
40,18,South.Canterbury,60025,59966,38,62,9,0,0,3,67,4
40,11,MidCentral,178240,178150,57,95,15,0,0,1,183,4
40,13,Capital.and.Coast,316620,316537,57,93,19,0,0,3,316,4
41,15,Nelson.Marlborough,150280,150268,9,14,3,0,0,1,172,4
41,5,Lakes,110040,110033,5,7,5,0,0,0,110,4
41,13,Capital.and.Coast,316620,316537,57,93,21,0,0,2,358,4
41,11,MidCentral,178240,178150,57,95,19,0,0,4,192,4
41,0,Northland,178500,178492,6,8,3,0,0,0,168,4
41,17,Canterbury,562870,562614,190,279,55,0,0,16,533,4
41,19,Southern,328230,328220,6,11,2,0,0,1,339,4
41,12,Hutt.Valley,149270,149192,59,90,15,0,0,4,161,4
41,14,Wairarapa,44845,44844,1,1,0,0,0,0,39,4
41,3,Counties.Manukau,557790,557646,110,155,36,0,0,6,589,4
41,9,Hawkes.Bay,165360,165334,17,27,5,0,0,0,174,4
41,10,Whanganui,64565,64564,0,1,0,0,0,0,63,4
41,8,Taranaki,119640,119629,7,11,7,0,1,0,126,4
41,16,West.Coast,32445,32419,20,27,4,0,0,1,40,4
41,4,Waikato,417130,417060,48,75,14,0,0,1,404,4
41,2,Auckland,538840,538633,155,234,54,0,0,12,521,4
41,18,South.Canterbury,60025,59966,38,62,10,0,0,1,64,4
41,6,Bay.of.Plenty,236820,236716,77,110,24,0,0,3,228,4
41,1,Waitemata,622350,622200,100,166,26,1,1,3,604,4
41,7,Tairawhiti,48965,48964,0,1,1,0,0,0,52,4
42,10,Whanganui,64565,64564,0,1,0,0,0,0,63,4
42,1,Waitemata,622350,622200,100,166,35,0,0,9,652,4
42,11,MidCentral,178240,178150,57,95,23,0,0,4,169,4
42,5,Lakes,110040,110033,5,7,5,0,0,0,121,4
42,6,Bay.of.Plenty,236820,236716,77,110,32,0,0,8,248,4
42,17,Canterbury,562870,562614,190,279,69,0,0,14,566,4
42,8,Taranaki,119640,119629,7,11,7,0,0,0,118,4
42,12,Hutt.Valley,149270,149192,59,90,18,0,0,3,156,4
42,13,Capital.and.Coast,316620,316537,57,93,27,0,0,6,291,4
42,9,Hawkes.Bay,165360,165334,17,27,6,0,0,1,166,4
42,0,Northland,178500,178492,6,8,3,0,0,0,178,4
42,3,Counties.Manukau,557790,557646,110,155,40,0,0,4,566,4
42,2,Auckland,538840,538633,155,234,63,0,0,9,558,4
42,15,Nelson.Marlborough,150280,150268,9,14,4,0,0,1,152,4
42,18,South.Canterbury,60025,59966,38,62,17,0,0,7,61,4
42,19,Southern,328230,328220,6,11,2,0,0,0,307,4
42,4,Waikato,417130,417060,48,75,19,0,0,5,434,4
42,14,Wairarapa,44845,44844,1,1,1,0,0,1,31,4
42,16,West.Coast,32445,32419,20,27,6,0,0,2,22,4
42,7,Tairawhiti,48965,48964,0,1,1,0,0,0,48,4
43,17,Canterbury,562870,562614,190,279,87,0,0,18,572,4
43,2,Auckland,538840,538633,155,234,75,0,0,12,574,4
43,7,Tairawhiti,48965,48964,0,1,1,0,0,0,47,4
43,15,Nelson.Marlborough,150280,150268,9,14,4,0,0,0,142,4
43,8,Taranaki,119640,119629,7,11,8,0,0,1,115,4
43,1,Waitemata,622350,622200,100,166,45,0,0,10,626,4
43,14,Wairarapa,44845,44844,1,1,1,0,0,0,30,4
43,4,Waikato,417130,417060,48,75,21,0,0,2,401,4
43,0,Northland,178500,178492,6,8,4,0,0,1,173,4
43,10,Whanganui,64565,64564,0,1,0,0,0,0,62,4
43,18,South.Canterbury,60025,59966,38,62,19,0,0,2,52,4
43,12,Hutt.Valley,149270,149192,59,90,22,0,0,4,155,4
43,9,Hawkes.Bay,165360,165334,17,27,7,0,0,1,161,4
43,19,Southern,328230,328220,6,11,3,0,0,1,330,4
43,16,West.Coast,32445,32419,20,27,9,0,0,3,42,4
43,6,Bay.of.Plenty,236820,236716,77,110,36,0,0,4,267,4
43,3,Counties.Manukau,557790,557646,110,155,50,0,0,10,548,4
43,13,Capital.and.Coast,316620,316537,57,93,32,0,0,5,340,4
43,5,Lakes,110040,110033,5,7,5,0,0,0,122,4
43,11,MidCentral,178240,178150,57,95,27,0,0,4,171,4
44,10,Whanganui,64565,64564,0,1,0,0,0,0,77,4
44,9,Hawkes.Bay,165360,165334,17,27,8,0,0,1,151,4
44,16,West.Coast,32445,32419,20,27,10,0,0,1,36,4
44,2,Auckland,538840,538633,155,234,101,0,0,26,549,4
44,1,Waitemata,622350,622200,100,166,61,0,0,16,648,4
44,13,Capital.and.Coast,316620,316537,57,93,40,0,0,8,297,4
44,12,Hutt.Valley,149270,149192,59,90,33,0,0,11,148,4
44,8,Taranaki,119640,119629,7,11,8,0,0,0,118,4
44,5,Lakes,110040,110033,5,7,5,0,0,0,106,4
44,4,Waikato,417130,417060,48,75,26,0,0,5,401,4
44,0,Northland,178500,178492,6,8,4,0,0,0,188,4
44,3,Counties.Manukau,557790,557646,110,155,60,0,0,10,556,4
44,6,Bay.of.Plenty,236820,236716,77,110,42,0,0,6,281,4
44,17,Canterbury,562870,562614,190,279,110,0,0,23,549,4
44,14,Wairarapa,44845,44844,1,1,1,0,0,0,40,4
44,19,Southern,328230,328220,6,11,4,0,0,1,323,4
44,7,Tairawhiti,48965,48964,0,1,1,0,0,0,52,4
44,11,MidCentral,178240,178150,57,95,32,0,0,5,168,4
44,18,South.Canterbury,60025,59966,38,62,22,0,0,3,60,4
44,15,Nelson.Marlborough,150280,150268,9,14,6,0,0,2,162,4
45,7,Tairawhiti,48965,48964,0,1,1,0,0,0,53,4
45,19,Southern,328230,328220,6,11,5,0,0,1,319,4
45,16,West.Coast,32445,32419,20,27,10,0,0,0,28,4
45,3,Counties.Manukau,557790,557646,110,155,72,0,0,12,584,4
45,0,Northland,178500,178492,6,8,5,0,0,1,172,4
45,18,South.Canterbury,60025,59966,38,62,29,0,0,7,59,4
45,8,Taranaki,119640,119629,7,11,9,0,0,1,119,4
45,4,Waikato,417130,417060,48,75,33,0,0,7,407,4
45,5,Lakes,110040,110033,5,7,6,0,0,1,111,4
45,2,Auckland,538840,538633,155,234,113,0,0,12,555,4
45,11,MidCentral,178240,178150,57,95,38,0,0,6,190,4
45,13,Capital.and.Coast,316620,316537,57,93,46,0,0,6,311,4
45,6,Bay.of.Plenty,236820,236716,77,110,53,0,0,11,269,4
45,14,Wairarapa,44845,44844,1,1,1,0,0,0,46,4
45,10,Whanganui,64565,64564,0,1,0,0,0,0,55,4
45,12,Hutt.Valley,149270,149192,59,90,44,0,0,11,157,4
45,1,Waitemata,622350,622200,100,166,76,0,0,15,652,4
45,15,Nelson.Marlborough,150280,150268,9,14,6,0,0,0,164,4
45,17,Canterbury,562870,562614,190,279,135,0,0,25,515,4
45,9,Hawkes.Bay,165360,165334,17,27,11,0,0,3,162,4
46,2,Auckland,538840,538633,155,234,134,0,0,21,489,4
46,3,Counties.Manukau,557790,557646,110,155,84,0,0,12,561,4
46,14,Wairarapa,44845,44844,1,1,1,0,0,0,42,4
46,5,Lakes,110040,110033,5,7,6,0,0,0,97,4
46,8,Taranaki,119640,119629,7,11,9,0,0,0,137,4
46,17,Canterbury,562870,562614,190,279,161,0,0,26,527,4
46,7,Tairawhiti,48965,48964,0,1,1,0,0,0,46,4
46,6,Bay.of.Plenty,236820,236716,77,110,60,0,0,7,252,4
46,13,Capital.and.Coast,316620,316537,57,93,52,0,0,6,341,4
46,4,Waikato,417130,417060,48,75,40,0,0,7,444,4
46,11,MidCentral,178240,178150,57,95,50,0,0,12,161,4
46,18,South.Canterbury,60025,59966,38,62,32,0,0,3,73,4
46,10,Whanganui,64565,64564,0,1,0,0,0,0,68,4
46,1,Waitemata,622350,622200,100,166,83,0,0,7,610,4
46,15,Nelson.Marlborough,150280,150268,9,14,7,0,0,1,148,4
46,12,Hutt.Valley,149270,149192,59,90,50,0,0,6,143,4
46,0,Northland,178500,178492,6,8,5,0,0,0,165,4
46,16,West.Coast,32445,32419,20,27,14,0,0,4,25,4
46,9,Hawkes.Bay,165360,165334,17,27,12,0,0,1,138,4
46,19,Southern,328230,328220,6,11,5,0,0,0,301,4
47,12,Hutt.Valley,149270,149192,59,90,56,0,0,6,182,4
47,2,Auckland,538840,538633,155,234,142,0,0,8,537,4
47,3,Counties.Manukau,557790,557646,110,155,97,0,0,13,581,4
47,9,Hawkes.Bay,165360,165334,17,27,15,0,0,3,158,4
47,7,Tairawhiti,48965,48964,0,1,1,0,0,0,52,4
47,14,Wairarapa,44845,44844,1,1,1,0,0,0,50,4
47,16,West.Coast,32445,32419,20,27,16,0,0,2,39,4
47,18,South.Canterbury,60025,59966,38,62,35,0,0,3,51,4
47,1,Waitemata,622350,622200,100,166,95,0,0,12,635,4
47,13,Capital.and.Coast,316620,316537,57,93,58,0,0,6,335,4
47,5,Lakes,110040,110033,5,7,6,0,0,0,98,4
47,17,Canterbury,562870,562614,190,279,183,0,0,22,575,4
47,6,Bay.of.Plenty,236820,236716,77,110,72,0,0,12,233,4
47,15,Nelson.Marlborough,150280,150268,9,14,8,0,0,1,149,4
47,19,Southern,328230,328220,6,11,6,0,0,1,324,4
47,11,MidCentral,178240,178150,57,95,56,0,0,6,167,4
47,10,Whanganui,64565,64564,0,1,0,0,0,0,72,4
47,8,Taranaki,119640,119629,7,11,9,0,0,0,113,4
47,0,Northland,178500,178492,6,8,5,0,0,0,198,4
47,4,Waikato,417130,417060,48,75,43,0,0,3,393,4
48,15,Nelson.Marlborough,150280,150268,9,14,9,0,0,1,150,4
48,12,Hutt.Valley,149270,149192,59,90,60,0,0,4,179,4
48,7,Tairawhiti,48965,48964,0,1,1,0,0,0,44,4
48,11,MidCentral,178240,178150,57,95,59,0,0,3,189,4
48,16,West.Coast,32445,32419,20,27,19,0,0,3,34,4
48,8,Taranaki,119640,119629,7,11,9,0,0,0,121,4
48,14,Wairarapa,44845,44844,1,1,1,0,0,0,50,4
48,18,South.Canterbury,60025,59966,38,62,42,0,0,7,49,4
48,2,Auckland,538840,538633,155,234,161,0,0,19,524,4
48,3,Counties.Manukau,557790,557646,110,155,109,0,0,12,534,4
48,4,Waikato,417130,417060,48,75,53,0,0,10,439,4
48,10,Whanganui,64565,64564,0,1,0,0,0,0,53,4
48,19,Southern,328230,328220,6,11,7,0,0,1,332,4
48,5,Lakes,110040,110033,5,7,7,0,0,1,99,4
48,9,Hawkes.Bay,165360,165334,17,27,17,0,0,2,169,4
48,6,Bay.of.Plenty,236820,236716,77,110,78,0,0,6,227,4
48,13,Capital.and.Coast,316620,316537,57,93,64,0,0,6,332,4
48,1,Waitemata,622350,622199,101,167,105,1,1,10,620,4
48,0,Northland,178500,178492,6,8,6,0,0,1,181,4
48,17,Canterbury,562870,562614,190,279,203,0,0,20,581,4
49,18,South.Canterbury,60025,59966,38,62,46,0,0,4,60,4
49,12,Hutt.Valley,149270,149192,59,90,65,0,0,5,143,4
49,19,Southern,328230,328220,6,11,8,0,0,1,345,4
49,9,Hawkes.Bay,165360,165334,17,27,19,0,0,2,171,4
49,17,Canterbury,562870,562614,190,279,220,0,0,17,569,4
49,7,Tairawhiti,48965,48964,0,1,1,0,0,0,52,4
49,8,Taranaki,119640,119629,7,11,9,0,0,0,116,4
49,3,Counties.Manukau,557790,557646,110,155,120,0,0,11,563,4
49,10,Whanganui,64565,64564,0,1,0,0,0,0,61,4
49,4,Waikato,417130,417060,48,75,56,0,0,3,424,4
49,13,Capital.and.Coast,316620,316537,57,93,69,0,0,5,331,4
49,2,Auckland,538840,538633,155,234,175,0,0,14,580,4
49,11,MidCentral,178240,178150,57,95,63,0,0,4,172,4
49,5,Lakes,110040,110033,5,7,7,0,0,0,116,4
49,1,Waitemata,622350,622199,101,167,117,0,0,12,607,4
49,16,West.Coast,32445,32419,20,27,20,0,0,1,38,4
49,15,Nelson.Marlborough,150280,150268,9,14,10,0,0,1,161,4
49,0,Northland,178500,178492,6,8,7,0,0,1,166,4
49,14,Wairarapa,44845,44844,1,1,1,0,0,0,36,4
49,6,Bay.of.Plenty,236820,236716,77,110,82,0,0,4,254,4
50,0,Northland,178500,178492,6,8,7,0,0,0,170,4
50,19,Southern,328230,328220,6,11,9,0,0,1,321,4
50,16,West.Coast,32445,32419,20,27,22,0,0,2,35,4
50,11,MidCentral,178240,178150,57,95,68,0,0,5,151,4
50,3,Counties.Manukau,557790,557646,110,155,125,0,0,5,606,4
50,7,Tairawhiti,48965,48964,0,1,1,0,0,0,49,4
50,17,Canterbury,562870,562614,190,279,229,0,0,9,571,4
50,18,South.Canterbury,60025,59966,38,62,49,0,0,3,68,4
50,4,Waikato,417130,417060,48,75,59,0,0,3,412,4
50,15,Nelson.Marlborough,150280,150268,9,14,10,0,0,0,140,4
50,5,Lakes,110040,110033,5,7,7,0,0,0,101,4
50,14,Wairarapa,44845,44844,1,1,1,0,0,0,53,4
50,9,Hawkes.Bay,165360,165334,17,27,24,0,0,5,161,4
50,2,Auckland,538840,538633,155,234,184,0,0,9,498,4
50,12,Hutt.Valley,149270,149192,59,90,72,0,0,7,156,4
50,1,Waitemata,622350,622199,101,167,127,0,0,10,573,4
50,10,Whanganui,64565,64564,0,1,0,0,0,0,59,4
50,13,Capital.and.Coast,316620,316537,57,93,74,0,0,5,350,4
50,8,Taranaki,119640,119628,7,12,9,0,1,0,94,4
50,6,Bay.of.Plenty,236820,236716,77,110,87,0,0,5,210,4
51,5,Lakes,110040,110033,5,7,7,0,0,0,123,4
51,18,South.Canterbury,60025,59966,38,62,52,0,0,3,73,4
51,4,Waikato,417130,417060,48,75,60,0,0,1,427,4
51,10,Whanganui,64565,64564,0,1,0,0,0,0,64,4
51,7,Tairawhiti,48965,48964,0,1,1,0,0,0,48,4
51,11,MidCentral,178240,178150,57,95,70,0,0,2,155,4
51,0,Northland,178500,178492,6,8,7,0,0,0,181,4
51,3,Counties.Manukau,557790,557646,110,155,126,0,0,1,546,4
51,8,Taranaki,119640,119628,7,12,9,0,0,0,114,4
51,17,Canterbury,562870,562614,190,279,232,0,0,3,555,4
51,9,Hawkes.Bay,165360,165334,17,27,25,0,0,1,159,4
51,1,Waitemata,622350,622199,101,167,129,0,0,2,626,4
51,12,Hutt.Valley,149270,149192,59,90,75,0,0,3,136,4
51,2,Auckland,538840,538633,155,234,192,0,0,8,523,4
51,19,Southern,328230,328220,6,11,10,0,0,1,362,4
51,15,Nelson.Marlborough,150280,150268,9,14,11,0,0,1,138,4
51,16,West.Coast,32445,32419,20,27,23,0,0,1,34,4
51,14,Wairarapa,44845,44844,1,1,1,0,0,0,44,4
51,6,Bay.of.Plenty,236820,236716,77,110,89,0,0,2,214,4
51,13,Capital.and.Coast,316620,316537,57,93,74,0,0,0,330,4
52,18,South.Canterbury,60025,59966,38,62,53,0,0,1,58,4
52,13,Capital.and.Coast,316620,316537,57,93,74,0,0,0,328,4
52,1,Waitemata,622350,622199,101,167,132,0,0,3,588,4
52,19,Southern,328230,328220,6,11,10,0,0,0,307,4
52,5,Lakes,110040,110033,5,7,7,0,0,0,108,4
52,16,West.Coast,32445,32419,20,27,23,0,0,0,22,4
52,6,Bay.of.Plenty,236820,236716,77,110,89,0,0,0,242,4
52,8,Taranaki,119640,119628,7,12,9,0,0,0,117,4
52,2,Auckland,538840,538633,155,234,195,0,0,3,540,4
52,3,Counties.Manukau,557790,557646,110,155,128,0,0,2,570,4
52,14,Wairarapa,44845,44844,1,1,1,0,0,0,36,4
52,7,Tairawhiti,48965,48964,0,1,1,0,0,0,51,4
52,0,Northland,178500,178492,6,8,7,0,0,0,177,4
52,4,Waikato,417130,417060,48,75,63,0,0,3,412,4
52,12,Hutt.Valley,149270,149192,59,90,77,0,0,2,144,4
52,11,MidCentral,178240,178150,57,95,74,0,0,4,180,4
52,17,Canterbury,562870,562614,190,279,240,0,0,8,554,4
52,15,Nelson.Marlborough,150280,150268,9,14,11,0,0,0,126,4
52,10,Whanganui,64565,64564,0,1,0,0,0,0,60,4
52,9,Hawkes.Bay,165360,165334,17,27,25,0,0,0,176,4
53,6,Bay.of.Plenty,236820,236716,77,110,92,0,0,3,236,4
53,14,Wairarapa,44845,44844,1,1,1,0,0,0,53,4
53,8,Taranaki,119640,119628,7,12,9,0,0,0,125,4
53,15,Nelson.Marlborough,150280,150268,9,14,11,0,0,0,148,4
53,16,West.Coast,32445,32419,20,27,23,0,0,0,32,4
53,19,Southern,328230,328220,6,11,10,0,0,0,337,4
53,13,Capital.and.Coast,316620,316537,57,93,77,0,0,3,343,4
53,0,Northland,178500,178492,6,8,7,0,0,0,178,4
53,5,Lakes,110040,110033,5,7,7,0,0,0,108,4
53,12,Hutt.Valley,149270,149192,59,90,78,0,0,1,134,4
53,2,Auckland,538840,538633,155,234,197,0,0,2,508,4
53,17,Canterbury,562870,562614,190,279,244,0,0,4,565,4
53,4,Waikato,417130,417060,48,75,63,0,0,0,408,4
53,10,Whanganui,64565,64564,0,1,1,0,0,1,64,4
53,7,Tairawhiti,48965,48964,0,1,1,0,0,0,44,4
53,11,MidCentral,178240,178150,57,95,76,0,0,2,196,4
53,9,Hawkes.Bay,165360,165334,17,27,25,0,0,0,174,4
53,3,Counties.Manukau,557790,557646,110,155,129,0,0,1,548,4
53,1,Waitemata,622350,622199,101,167,136,0,0,4,627,4
53,18,South.Canterbury,60025,59966,38,62,53,0,0,0,50,4
54,2,Auckland,538840,538633,155,234,198,0,0,1,540,4
54,5,Lakes,110040,110033,5,7,7,0,0,0,104,4
54,11,MidCentral,178240,178150,57,95,77,0,0,1,181,4
54,18,South.Canterbury,60025,59966,38,62,56,0,0,3,50,4
54,16,West.Coast,32445,32419,20,27,23,0,0,0,33,4
54,15,Nelson.Marlborough,150280,150268,9,14,11,0,0,0,148,4
54,7,Tairawhiti,48965,48964,0,1,1,0,0,0,41,4
54,9,Hawkes.Bay,165360,165334,17,27,25,0,0,0,174,4
54,12,Hutt.Valley,149270,149192,59,90,78,0,0,0,170,4
54,3,Counties.Manukau,557790,557646,110,155,135,0,0,6,548,4
54,13,Capital.and.Coast,316620,316537,57,93,81,0,0,4,289,4
54,0,Northland,178500,178492,6,8,7,0,0,0,178,4
54,6,Bay.of.Plenty,236820,236716,77,110,97,0,0,5,249,4
54,17,Canterbury,562870,562614,190,279,245,0,0,1,560,4
54,14,Wairarapa,44845,44844,1,1,1,0,0,0,57,4
54,4,Waikato,417130,417060,48,75,67,0,0,4,449,4
54,10,Whanganui,64565,64564,0,1,1,0,0,0,57,4
54,19,Southern,328230,328220,6,11,10,0,0,0,287,4
54,8,Taranaki,119640,119628,7,12,9,0,0,0,119,4
54,1,Waitemata,622350,622199,101,167,139,0,0,3,647,4
55,4,Waikato,417130,417060,48,75,68,0,0,1,384,4
55,5,Lakes,110040,110033,5,7,7,0,0,0,111,4
55,12,Hutt.Valley,149270,149192,59,90,78,0,0,0,133,4
55,9,Hawkes.Bay,165360,165334,17,27,26,0,0,1,173,4
55,3,Counties.Manukau,557790,557646,110,155,138,0,0,3,556,4
55,18,South.Canterbury,60025,59966,38,62,56,0,0,0,60,4
55,16,West.Coast,32445,32419,20,27,23,0,0,0,38,4
55,1,Waitemata,622350,622199,101,167,141,0,0,2,679,4
55,19,Southern,328230,328220,6,11,10,0,0,0,341,4
55,10,Whanganui,64565,64564,0,1,1,0,0,0,74,4
55,0,Northland,178500,178492,6,8,8,0,0,1,180,4
55,8,Taranaki,119640,119628,7,12,9,0,0,0,119,4
55,2,Auckland,538840,538633,155,234,201,0,0,3,577,4
55,15,Nelson.Marlborough,150280,150268,9,14,11,0,0,0,146,4
55,6,Bay.of.Plenty,236820,236716,77,110,100,0,0,3,238,4
55,7,Tairawhiti,48965,48964,0,1,1,0,0,0,61,4
55,17,Canterbury,562870,562614,190,279,247,0,0,2,542,4
55,11,MidCentral,178240,178150,57,95,79,0,0,2,167,4
55,13,Capital.and.Coast,316620,316537,57,93,81,0,0,0,330,4
55,14,Wairarapa,44845,44844,1,1,1,0,0,0,49,4
56,0,Northland,178500,178492,6,8,8,0,0,0,182,3
56,2,Auckland,538840,538633,155,234,203,0,0,2,589,3
56,12,Hutt.Valley,149270,149192,59,90,78,0,0,0,168,3
56,17,Canterbury,562870,562614,190,279,250,0,0,3,532,3
56,15,Nelson.Marlborough,150280,150268,9,14,11,0,0,0,139,3
56,10,Whanganui,64565,64564,0,1,1,0,0,0,90,3
56,9,Hawkes.Bay,165360,165334,17,27,26,0,0,0,158,3
56,13,Capital.and.Coast,316620,316537,57,93,81,0,0,0,309,3
56,11,MidCentral,178240,178150,57,95,82,0,0,3,170,3
56,18,South.Canterbury,60025,59966,38,62,58,0,0,2,73,3
56,14,Wairarapa,44845,44844,1,1,1,0,0,0,35,3
56,7,Tairawhiti,48965,48964,0,1,1,0,0,0,42,3
56,4,Waikato,417130,417060,48,75,70,0,0,2,409,3
56,19,Southern,328230,328220,6,11,10,0,0,0,290,3
56,8,Taranaki,119640,119628,7,12,9,0,0,0,114,3
56,1,Waitemata,622350,622199,101,167,141,0,0,0,608,3
56,16,West.Coast,32445,32419,20,27,26,0,0,3,27,3
56,5,Lakes,110040,110033,5,7,7,0,0,0,108,3
56,3,Counties.Manukau,557790,557646,110,155,139,0,0,1,560,3
56,6,Bay.of.Plenty,236820,236716,77,110,100,0,0,0,254,3
57,19,Southern,328230,328220,6,11,10,0,0,0,334,3
57,7,Tairawhiti,48965,48964,0,1,1,0,0,0,54,3
57,5,Lakes,110040,110033,5,7,7,0,0,0,105,3
57,15,Nelson.Marlborough,150280,150268,9,14,11,0,0,0,136,3
57,2,Auckland,538840,538633,155,234,204,0,0,1,548,3
57,0,Northland,178500,178492,6,8,8,0,0,0,156,3
57,3,Counties.Manukau,557790,557646,110,155,140,0,0,1,531,3
57,4,Waikato,417130,417060,48,75,70,0,0,0,395,3
57,8,Taranaki,119640,119628,7,12,9,0,0,0,123,3
57,10,Whanganui,64565,64564,0,1,1,0,0,0,66,3
57,14,Wairarapa,44845,44844,1,1,1,0,0,0,40,3
57,16,West.Coast,32445,32419,20,27,26,0,0,0,34,3
57,12,Hutt.Valley,149270,149192,59,90,78,0,0,0,147,3
57,17,Canterbury,562870,562614,190,279,251,0,0,1,524,3
57,13,Capital.and.Coast,316620,316537,57,93,81,0,0,0,333,3
57,18,South.Canterbury,60025,59966,38,62,58,0,0,0,58,3
57,6,Bay.of.Plenty,236820,236716,77,110,100,0,0,0,217,3
57,11,MidCentral,178240,178150,57,95,82,0,0,0,167,3
57,1,Waitemata,622350,622199,101,167,143,0,0,2,623,3
57,9,Hawkes.Bay,165360,165334,17,27,26,0,0,0,162,3
58,12,Hutt.Valley,149270,149192,59,90,78,0,0,0,165,3
58,13,Capital.and.Coast,316620,316537,57,93,83,0,0,2,298,3
58,11,MidCentral,178240,178150,57,95,84,0,0,2,180,3
58,8,Taranaki,119640,119628,7,12,9,0,0,0,125,3
58,19,Southern,328230,328220,6,11,10,0,0,0,323,3
58,15,Nelson.Marlborough,150280,150268,9,14,11,0,0,0,136,3
58,16,West.Coast,32445,32419,20,27,26,0,0,0,37,3
58,5,Lakes,110040,110033,5,7,7,0,0,0,107,3
58,3,Counties.Manukau,557790,557646,110,155,141,0,0,1,521,3
58,10,Whanganui,64565,64564,0,1,1,0,0,0,66,3
58,1,Waitemata,622350,622199,101,167,146,0,0,3,652,3
58,4,Waikato,417130,417060,48,75,70,0,0,0,449,3
58,0,Northland,178500,178492,6,8,8,0,0,0,175,3
58,9,Hawkes.Bay,165360,165334,17,27,26,0,0,0,175,3
58,18,South.Canterbury,60025,59966,38,62,58,0,0,0,53,3
58,6,Bay.of.Plenty,236820,236716,77,110,101,0,0,1,229,3
58,7,Tairawhiti,48965,48964,0,1,1,0,0,0,43,3
58,2,Auckland,538840,538633,155,234,204,0,0,0,542,3
58,17,Canterbury,562870,562614,190,279,255,0,0,4,543,3
58,14,Wairarapa,44845,44844,1,1,1,0,0,0,35,3
59,4,Waikato,417130,417060,48,75,70,0,0,0,386,3
59,7,Tairawhiti,48965,48964,0,1,1,0,0,0,53,3
59,0,Northland,178500,178492,6,8,8,0,0,0,180,3
59,14,Wairarapa,44845,44844,1,1,1,0,0,0,55,3
59,9,Hawkes.Bay,165360,165334,17,27,26,0,0,0,142,3
59,10,Whanganui,64565,64564,0,1,1,0,0,0,63,3
59,1,Waitemata,622350,622199,101,167,146,0,0,0,586,3
59,15,Nelson.Marlborough,150280,150268,9,14,11,0,0,0,141,3
59,8,Taranaki,119640,119628,7,12,9,0,0,0,122,3
59,5,Lakes,110040,110033,5,7,7,0,0,0,116,3
59,6,Bay.of.Plenty,236820,236716,77,110,101,0,0,0,217,3
59,3,Counties.Manukau,557790,557646,110,155,142,0,0,1,593,3
59,19,Southern,328230,328220,6,11,10,0,0,0,300,3
59,12,Hutt.Valley,149270,149192,59,90,78,0,0,0,154,3
59,17,Canterbury,562870,562614,190,279,255,0,0,0,597,3
59,13,Capital.and.Coast,316620,316537,57,93,83,0,0,0,325,3
59,11,MidCentral,178240,178150,57,95,86,0,0,2,207,3
59,2,Auckland,538840,538633,155,234,205,0,0,1,534,3
59,16,West.Coast,32445,32419,20,27,26,0,0,0,26,3
59,18,South.Canterbury,60025,59966,38,62,58,0,0,0,66,3
60,7,Tairawhiti,48965,48964,0,1,1,0,0,0,69,3
60,13,Capital.and.Coast,316620,316537,57,93,83,0,0,0,351,3
60,5,Lakes,110040,110033,5,7,7,0,0,0,114,3
60,9,Hawkes.Bay,165360,165334,17,27,26,0,0,0,160,3
60,10,Whanganui,64565,64564,0,1,1,0,0,0,67,3
60,1,Waitemata,622350,622199,101,167,147,0,0,1,600,3
60,15,Nelson.Marlborough,150280,150268,9,14,11,0,0,0,132,3
60,4,Waikato,417130,417060,48,75,70,0,0,0,432,3
60,11,MidCentral,178240,178150,57,95,87,0,0,1,172,3
60,17,Canterbury,562870,562614,190,279,255,0,0,0,524,3
60,16,West.Coast,32445,32419,20,27,26,0,0,0,27,3
60,0,Northland,178500,178492,6,8,8,0,0,0,200,3
60,8,Taranaki,119640,119628,7,12,9,0,0,0,125,3
60,12,Hutt.Valley,149270,149192,59,90,78,0,0,0,149,3
60,14,Wairarapa,44845,44844,1,1,1,0,0,0,44,3
60,18,South.Canterbury,60025,59966,38,62,58,0,0,0,60,3
60,19,Southern,328230,328220,6,11,10,0,0,0,285,3
60,2,Auckland,538840,538633,155,234,207,0,0,2,545,3
60,3,Counties.Manukau,557790,557646,110,155,144,0,0,2,561,3
60,6,Bay.of.Plenty,236820,236716,77,110,101,0,0,0,234,3
61,13,Capital.and.Coast,316620,316537,57,93,83,0,0,0,300,3
61,9,Hawkes.Bay,165360,165334,17,27,26,0,0,0,189,3
61,16,West.Coast,32445,32419,20,27,26,0,0,0,24,3
61,6,Bay.of.Plenty,236820,236716,77,110,101,0,0,0,232,3
61,5,Lakes,110040,110033,5,7,7,0,0,0,115,3
61,8,Taranaki,119640,119628,7,12,9,0,0,0,107,3
61,14,Wairarapa,44845,44844,1,1,1,0,0,0,51,3
61,10,Whanganui,64565,64564,0,1,1,0,0,0,68,3
61,19,Southern,328230,328220,6,11,10,0,0,0,297,3
61,1,Waitemata,622350,622199,101,167,148,0,0,1,593,3
61,4,Waikato,417130,417060,48,75,70,0,0,0,478,3
61,11,MidCentral,178240,178150,57,95,88,0,0,1,184,3
61,3,Counties.Manukau,557790,557646,110,155,144,0,0,0,548,3
61,12,Hutt.Valley,149270,149192,59,90,78,0,0,0,159,3
61,0,Northland,178500,178492,6,8,8,0,0,0,176,3
61,7,Tairawhiti,48965,48964,0,1,1,0,0,0,59,3
61,15,Nelson.Marlborough,150280,150268,9,14,11,0,0,0,180,3
61,18,South.Canterbury,60025,59966,38,62,59,0,0,1,56,3
61,17,Canterbury,562870,562614,190,279,256,0,0,1,573,3
61,2,Auckland,538840,538633,155,234,207,0,0,0,562,3
62,13,Capital.and.Coast,316620,316537,57,93,83,0,0,0,305,3
62,15,Nelson.Marlborough,150280,150268,9,14,12,0,0,1,140,3
62,10,Whanganui,64565,64564,0,1,1,0,0,0,62,3
62,0,Northland,178500,178492,6,8,8,0,0,0,180,3
62,3,Counties.Manukau,557790,557646,110,155,144,0,0,0,552,3
62,6,Bay.of.Plenty,236820,236716,77,110,101,0,0,0,263,3
62,12,Hutt.Valley,149270,149192,59,90,78,0,0,0,143,3
62,9,Hawkes.Bay,165360,165334,17,27,26,0,0,0,157,3
62,19,Southern,328230,328220,6,11,10,0,0,0,340,3
62,17,Canterbury,562870,562614,190,279,256,0,0,0,561,3
62,7,Tairawhiti,48965,48964,0,1,1,0,0,0,54,3
62,2,Auckland,538840,538633,155,234,207,0,0,0,516,3
62,1,Waitemata,622350,622199,101,167,148,0,0,0,633,3
62,11,MidCentral,178240,178150,57,95,88,0,0,0,192,3
62,14,Wairarapa,44845,44844,1,1,1,0,0,0,34,3
62,5,Lakes,110040,110033,5,7,7,0,0,0,121,3
62,4,Waikato,417130,417060,48,75,70,0,0,0,427,3
62,8,Taranaki,119640,119628,7,12,9,0,0,0,104,3
62,18,South.Canterbury,60025,59966,38,62,59,0,0,0,61,3
62,16,West.Coast,32445,32419,20,27,26,0,0,0,28,3
63,9,Hawkes.Bay,165360,165334,17,27,26,0,0,0,187,2
63,2,Auckland,538840,538633,155,234,207,0,0,0,565,2
63,12,Hutt.Valley,149270,149192,59,90,78,0,0,0,148,2
63,17,Canterbury,562870,562614,190,279,256,0,0,0,555,2
63,6,Bay.of.Plenty,236820,236716,77,110,103,0,0,2,219,2
63,11,MidCentral,178240,178150,57,95,88,0,0,0,190,2
63,14,Wairarapa,44845,44844,1,1,1,0,0,0,44,2
63,7,Tairawhiti,48965,48964,0,1,1,0,0,0,54,2
63,3,Counties.Manukau,557790,557646,110,155,144,0,0,0,541,2
63,19,Southern,328230,328220,6,11,10,0,0,0,299,2
63,5,Lakes,110040,110033,5,7,7,0,0,0,109,2
63,15,Nelson.Marlborough,150280,150268,9,14,12,0,0,0,143,2
63,4,Waikato,417130,417060,48,75,70,0,0,0,419,2
63,16,West.Coast,32445,32419,20,27,26,0,0,0,31,2
63,13,Capital.and.Coast,316620,316537,57,93,83,0,0,0,294,2
63,1,Waitemata,622350,622199,101,167,148,0,0,0,595,2
63,0,Northland,178500,178492,6,8,8,0,0,0,185,2
63,18,South.Canterbury,60025,59966,38,62,59,0,0,0,51,2
63,10,Whanganui,64565,64564,0,1,1,0,0,0,72,2
63,8,Taranaki,119640,119628,7,12,9,0,0,0,127,2
64,11,MidCentral,178240,178150,57,95,89,0,0,1,185,2
64,5,Lakes,110040,110033,5,7,7,0,0,0,104,2
64,7,Tairawhiti,48965,48964,0,1,1,0,0,0,59,2
64,10,Whanganui,64565,64564,0,1,1,0,0,0,68,2
64,8,Taranaki,119640,119628,7,12,9,0,0,0,126,2
64,13,Capital.and.Coast,316620,316537,57,93,83,0,0,0,304,2
64,17,Canterbury,562870,562614,190,279,256,0,0,0,592,2
64,18,South.Canterbury,60025,59966,38,62,59,0,0,0,51,2
64,16,West.Coast,32445,32419,20,27,26,0,0,0,29,2
64,3,Counties.Manukau,557790,557646,110,155,144,0,0,0,550,2
64,15,Nelson.Marlborough,150280,150268,9,14,12,0,0,0,145,2
64,19,Southern,328230,328220,6,11,10,0,0,0,329,2
64,0,Northland,178500,178492,6,8,8,0,0,0,181,2
64,1,Waitemata,622350,622199,101,167,148,0,0,0,635,2
64,9,Hawkes.Bay,165360,165334,17,27,26,0,0,0,153,2
64,14,Wairarapa,44845,44844,1,1,1,0,0,0,45,2
64,6,Bay.of.Plenty,236820,236716,77,110,103,0,0,0,232,2
64,2,Auckland,538840,538633,155,234,207,0,0,0,559,2
64,4,Waikato,417130,417060,48,75,70,0,0,0,404,2
64,12,Hutt.Valley,149270,149192,59,90,78,0,0,0,145,2
65,10,Whanganui,64565,64564,0,1,1,0,0,0,48,2
65,12,Hutt.Valley,149270,149192,59,90,78,0,0,0,120,2
65,4,Waikato,417130,417060,48,75,70,0,0,0,428,2
65,9,Hawkes.Bay,165360,165334,17,27,26,0,0,0,189,2
65,11,MidCentral,178240,178150,57,95,90,0,0,1,171,2
65,1,Waitemata,622350,622199,101,167,148,0,0,0,606,2
65,16,West.Coast,32445,32419,20,27,26,0,0,0,29,2
65,7,Tairawhiti,48965,48964,0,1,1,0,0,0,48,2
65,13,Capital.and.Coast,316620,316537,57,93,83,0,0,0,311,2
65,18,South.Canterbury,60025,59966,38,62,59,0,0,0,55,2
65,5,Lakes,110040,110033,5,7,7,0,0,0,95,2
65,0,Northland,178500,178492,6,8,8,0,0,0,215,2
65,17,Canterbury,562870,562614,190,279,256,0,0,0,569,2
65,15,Nelson.Marlborough,150280,150268,9,14,12,0,0,0,153,2
65,6,Bay.of.Plenty,236820,236716,77,110,103,0,0,0,246,2
65,8,Taranaki,119640,119628,7,12,9,0,0,0,113,2
65,14,Wairarapa,44845,44844,1,1,1,0,0,0,37,2
65,3,Counties.Manukau,557790,557646,110,155,144,0,0,0,571,2
65,19,Southern,328230,328220,6,11,10,0,0,0,334,2
65,2,Auckland,538840,538633,155,234,207,0,0,0,529,2
66,13,Capital.and.Coast,316620,316537,57,93,83,0,0,0,301,2
66,17,Canterbury,562870,562614,190,279,256,0,0,0,566,2
66,14,Wairarapa,44845,44844,1,1,1,0,0,0,20,2
66,2,Auckland,538840,538633,155,234,207,0,0,0,513,2
66,3,Counties.Manukau,557790,557646,110,155,144,0,0,0,573,2
66,18,South.Canterbury,60025,59966,38,62,59,0,0,0,70,2
66,12,Hutt.Valley,149270,149192,59,90,78,0,0,0,160,2
66,7,Tairawhiti,48965,48964,0,1,1,0,0,0,51,2
66,6,Bay.of.Plenty,236820,236716,77,110,103,0,0,0,226,2
66,4,Waikato,417130,417060,48,75,70,0,0,0,411,2
66,11,MidCentral,178240,178150,57,95,90,0,0,0,186,2
66,19,Southern,328230,328220,6,11,10,0,0,0,338,2
66,9,Hawkes.Bay,165360,165334,17,27,26,0,0,0,157,2
66,16,West.Coast,32445,32419,20,27,26,0,0,0,36,2
66,5,Lakes,110040,110033,5,7,7,0,0,0,118,2
66,8,Taranaki,119640,119628,7,12,10,0,0,1,106,2
66,10,Whanganui,64565,64564,0,1,1,0,0,0,65,2
66,0,Northland,178500,178492,6,8,8,0,0,0,162,2
66,15,Nelson.Marlborough,150280,150268,9,14,12,0,0,0,156,2
66,1,Waitemata,622350,622199,101,167,149,0,0,1,658,2
67,18,South.Canterbury,60025,59966,38,62,59,0,0,0,59,2
67,0,Northland,178500,178492,6,8,8,0,0,0,181,2
67,12,Hutt.Valley,149270,149192,59,90,78,0,0,0,164,2
67,8,Taranaki,119640,119628,7,12,10,0,0,0,127,2
67,11,MidCentral,178240,178150,57,95,90,0,0,0,175,2
67,1,Waitemata,622350,622199,101,167,149,0,0,0,579,2
67,16,West.Coast,32445,32419,20,27,26,0,0,0,28,2
67,4,Waikato,417130,417060,48,75,70,0,0,0,388,2
67,2,Auckland,538840,538633,155,234,207,0,0,0,500,2
67,14,Wairarapa,44845,44844,1,1,1,0,0,0,43,2
67,7,Tairawhiti,48965,48964,0,1,1,0,0,0,54,2
67,9,Hawkes.Bay,165360,165334,17,27,26,0,0,0,157,2
67,6,Bay.of.Plenty,236820,236716,77,110,103,0,0,0,236,2
67,3,Counties.Manukau,557790,557646,110,155,144,0,0,0,579,2
67,13,Capital.and.Coast,316620,316537,57,93,83,0,0,0,330,2
67,15,Nelson.Marlborough,150280,150268,9,14,12,0,0,0,166,2
67,5,Lakes,110040,110033,5,7,7,0,0,0,101,2
67,10,Whanganui,64565,64564,0,1,1,0,0,0,67,2
67,17,Canterbury,562870,562614,190,279,256,0,0,0,605,2
67,19,Southern,328230,328220,6,11,10,0,0,0,308,2
68,8,Taranaki,119640,119628,7,12,10,0,0,0,117,2
68,11,MidCentral,178240,178150,57,95,90,0,0,0,182,2
68,2,Auckland,538840,538633,155,234,207,0,0,0,525,2
68,7,Tairawhiti,48965,48964,0,1,1,0,0,0,47,2
68,19,Southern,328230,328220,6,11,10,0,0,0,336,2
68,17,Canterbury,562870,562614,190,279,256,0,0,0,568,2
68,3,Counties.Manukau,557790,557646,110,155,144,0,0,0,591,2
68,1,Waitemata,622350,622199,101,167,149,0,0,0,611,2
68,16,West.Coast,32445,32419,20,27,26,0,0,0,27,2
68,10,Whanganui,64565,64564,0,1,1,0,0,0,55,2
68,5,Lakes,110040,110033,5,7,7,0,0,0,132,2
68,13,Capital.and.Coast,316620,316537,57,93,83,0,0,0,317,2
68,14,Wairarapa,44845,44844,1,1,1,0,0,0,41,2
68,6,Bay.of.Plenty,236820,236716,77,110,104,0,0,1,220,2
68,9,Hawkes.Bay,165360,165334,17,27,26,0,0,0,150,2
68,4,Waikato,417130,417060,48,75,70,0,0,0,398,2
68,12,Hutt.Valley,149270,149192,59,90,78,0,0,0,174,2
68,18,South.Canterbury,60025,59966,38,62,59,0,0,0,60,2
68,15,Nelson.Marlborough,150280,150268,9,14,12,0,0,0,135,2
68,0,Northland,178500,178492,6,8,8,0,0,0,174,2
69,7,Tairawhiti,48965,48964,0,1,1,0,0,0,51,2
69,13,Capital.and.Coast,316620,316537,57,93,83,0,0,0,307,2
69,4,Waikato,417130,417060,48,75,70,0,0,0,417,2
69,11,MidCentral,178240,178150,57,95,90,0,0,0,168,2
69,16,West.Coast,32445,32419,20,27,26,0,0,0,30,2
69,6,Bay.of.Plenty,236820,236716,77,110,104,0,0,0,260,2
69,5,Lakes,110040,110033,5,7,7,0,0,0,122,2
69,3,Counties.Manukau,557790,557646,110,155,144,0,0,0,577,2
69,0,Northland,178500,178492,6,8,8,0,0,0,174,2
69,17,Canterbury,562870,562614,190,279,256,0,0,0,583,2
69,9,Hawkes.Bay,165360,165334,17,27,26,0,0,0,177,2
69,19,Southern,328230,328220,6,11,10,0,0,0,361,2
69,14,Wairarapa,44845,44844,1,1,1,0,0,0,45,2
69,18,South.Canterbury,60025,59966,38,62,59,0,0,0,70,2
69,1,Waitemata,622350,622199,101,167,149,0,0,0,640,2
69,8,Taranaki,119640,119628,7,12,10,0,0,0,121,2
69,2,Auckland,538840,538633,155,234,207,0,0,0,511,2
69,10,Whanganui,64565,64564,0,1,1,0,0,0,61,2
69,15,Nelson.Marlborough,150280,150268,9,14,12,0,0,0,129,2
69,12,Hutt.Valley,149270,149192,59,90,78,0,0,0,149,2
70,1,Waitemata,622350,622199,101,167,149,0,0,0,685,1
70,16,West.Coast,32445,32419,20,27,26,0,0,0,42,1
70,8,Taranaki,119640,119628,7,12,10,0,0,0,122,1
70,18,South.Canterbury,60025,59966,38,62,59,0,0,0,56,1
70,13,Capital.and.Coast,316620,316537,57,93,83,0,0,0,304,1
70,3,Counties.Manukau,557790,557646,110,155,144,0,0,0,584,1
70,5,Lakes,110040,110033,5,7,7,0,0,0,132,1
70,7,Tairawhiti,48965,48964,0,1,1,0,0,0,40,1
70,10,Whanganui,64565,64564,0,1,1,0,0,0,64,1
70,15,Nelson.Marlborough,150280,150268,9,14,12,0,0,0,152,1
70,4,Waikato,417130,417060,48,75,70,0,0,0,399,1
70,0,Northland,178500,178492,6,8,8,0,0,0,180,1
70,19,Southern,328230,328220,6,11,10,0,0,0,348,1
70,14,Wairarapa,44845,44844,1,1,1,0,0,0,46,1
70,12,Hutt.Valley,149270,149192,59,90,78,0,0,0,151,1
70,11,MidCentral,178240,178150,57,95,90,0,0,0,155,1
70,6,Bay.of.Plenty,236820,236716,77,110,104,0,0,0,254,1
70,2,Auckland,538840,538633,155,234,207,0,0,0,534,1
70,17,Canterbury,562870,562614,190,279,256,0,0,0,557,1
70,9,Hawkes.Bay,165360,165334,17,27,26,0,0,0,162,1
71,18,South.Canterbury,60025,59966,38,62,59,0,0,0,50,1
71,1,Waitemata,622350,622199,101,167,150,0,0,1,619,1
71,16,West.Coast,32445,32419,20,27,26,0,0,0,14,1
71,9,Hawkes.Bay,165360,165334,17,27,26,0,0,0,160,1
71,4,Waikato,417130,417060,48,75,70,0,0,0,454,1
71,17,Canterbury,562870,562614,190,279,256,0,0,0,576,1
71,15,Nelson.Marlborough,150280,150268,9,14,12,0,0,0,165,1
71,10,Whanganui,64565,64564,0,1,1,0,0,0,53,1
71,2,Auckland,538840,538633,155,234,207,0,0,0,493,1
71,7,Tairawhiti,48965,48964,0,1,1,0,0,0,50,1
71,6,Bay.of.Plenty,236820,236716,77,110,104,0,0,0,220,1
71,19,Southern,328230,328220,6,11,10,0,0,0,355,1
71,13,Capital.and.Coast,316620,316537,57,93,83,0,0,0,298,1
71,12,Hutt.Valley,149270,149192,59,90,78,0,0,0,146,1
71,3,Counties.Manukau,557790,557646,110,155,144,0,0,0,577,1
71,11,MidCentral,178240,178150,57,95,90,0,0,0,186,1
71,5,Lakes,110040,110033,5,7,7,0,0,0,95,1
71,8,Taranaki,119640,119628,7,12,11,0,0,1,128,1
71,0,Northland,178500,178492,6,8,8,0,0,0,176,1
71,14,Wairarapa,44845,44844,1,1,1,0,0,0,48,1
72,14,Wairarapa,44845,44844,1,1,1,0,0,0,50,1
72,8,Taranaki,119640,119628,7,12,11,0,0,0,120,1
72,2,Auckland,538840,538633,155,234,207,0,0,0,502,1
72,11,MidCentral,178240,178150,57,95,90,0,0,0,187,1
72,6,Bay.of.Plenty,236820,236716,77,110,104,0,0,0,250,1
72,0,Northland,178500,178492,6,8,8,0,0,0,178,1
72,4,Waikato,417130,417060,48,75,70,0,0,0,413,1
72,13,Capital.and.Coast,316620,316537,57,93,83,0,0,0,300,1
72,16,West.Coast,32445,32419,20,27,26,0,0,0,25,1
72,1,Waitemata,622350,622199,101,167,150,0,0,0,587,1
72,7,Tairawhiti,48965,48964,0,1,1,0,0,0,44,1
72,17,Canterbury,562870,562614,190,279,256,0,0,0,569,1
72,15,Nelson.Marlborough,150280,150268,9,14,12,0,0,0,163,1
72,5,Lakes,110040,110033,5,7,7,0,0,0,94,1
72,18,South.Canterbury,60025,59966,38,62,59,0,0,0,70,1
72,12,Hutt.Valley,149270,149192,59,90,78,0,0,0,176,1
72,9,Hawkes.Bay,165360,165334,17,27,26,0,0,0,174,1
72,3,Counties.Manukau,557790,557646,110,155,144,0,0,0,542,1
72,19,Southern,328230,328220,6,11,10,0,0,0,327,1
72,10,Whanganui,64565,64564,0,1,1,0,0,0,68,1
73,7,Tairawhiti,48965,48964,0,1,1,0,0,0,48,1
73,19,Southern,328230,328220,6,11,10,0,0,0,359,1
73,18,South.Canterbury,60025,59966,38,62,59,0,0,0,52,1
73,16,West.Coast,32445,32419,20,27,26,0,0,0,32,1
73,11,MidCentral,178240,178150,57,95,90,0,0,0,171,1
73,9,Hawkes.Bay,165360,165334,17,27,26,0,0,0,179,1
73,8,Taranaki,119640,119628,7,12,11,0,0,0,114,1
73,13,Capital.and.Coast,316620,316537,57,93,83,0,0,0,309,1
73,10,Whanganui,64565,64564,0,1,1,0,0,0,58,1
73,3,Counties.Manukau,557790,557646,110,155,144,0,0,0,553,1
73,1,Waitemata,622350,622199,101,167,150,0,0,0,578,1
73,2,Auckland,538840,538633,155,234,207,0,0,0,521,1
73,12,Hutt.Valley,149270,149192,59,90,78,0,0,0,148,1
73,17,Canterbury,562870,562614,190,279,256,0,0,0,508,1
73,4,Waikato,417130,417060,48,75,70,0,0,0,416,1
73,15,Nelson.Marlborough,150280,150268,9,14,12,0,0,0,150,1
73,5,Lakes,110040,110033,5,7,7,0,0,0,107,1
73,14,Wairarapa,44845,44844,1,1,1,0,0,0,44,1
73,6,Bay.of.Plenty,236820,236716,77,110,104,0,0,0,251,1
73,0,Northland,178500,178492,6,8,8,0,0,0,175,1
74,11,MidCentral,178240,178150,57,95,90,0,0,0,189,1
74,5,Lakes,110040,110033,5,7,7,0,0,0,115,1
74,19,Southern,328230,328220,6,11,10,0,0,0,320,1
74,6,Bay.of.Plenty,236820,236716,77,110,104,0,0,0,259,1
74,8,Taranaki,119640,119628,7,12,11,0,0,0,112,1
74,4,Waikato,417130,417060,48,75,70,0,0,0,441,1
74,18,South.Canterbury,60025,59966,38,62,59,0,0,0,50,1
74,3,Counties.Manukau,557790,557646,110,155,144,0,0,0,546,1
74,1,Waitemata,622350,622199,101,167,150,0,0,0,603,1
74,15,Nelson.Marlborough,150280,150268,9,14,12,0,0,0,153,1
74,10,Whanganui,64565,64564,0,1,1,0,0,0,57,1
74,17,Canterbury,562870,562614,190,279,256,0,0,0,596,1
74,9,Hawkes.Bay,165360,165334,17,27,26,0,0,0,137,1
74,14,Wairarapa,44845,44844,1,1,1,0,0,0,35,1
74,2,Auckland,538840,538633,155,234,207,0,0,0,508,1
74,13,Capital.and.Coast,316620,316537,57,93,83,0,0,0,330,1
74,12,Hutt.Valley,149270,149192,59,90,78,0,0,0,146,1
74,16,West.Coast,32445,32419,20,27,26,0,0,0,34,1
74,7,Tairawhiti,48965,48964,0,1,1,0,0,0,42,1
74,0,Northland,178500,178492,6,8,8,0,0,0,182,1
75,17,Canterbury,562870,562614,190,279,256,0,0,0,558,1
75,9,Hawkes.Bay,165360,165334,17,27,26,0,0,0,149,1
75,6,Bay.of.Plenty,236820,236716,77,110,104,0,0,0,220,1
75,4,Waikato,417130,417060,48,75,70,0,0,0,403,1
75,18,South.Canterbury,60025,59966,38,62,59,0,0,0,53,1
75,10,Whanganui,64565,64564,0,1,1,0,0,0,67,1
75,5,Lakes,110040,110033,5,7,7,0,0,0,108,1
75,1,Waitemata,622350,622199,101,167,150,0,0,0,590,1
75,13,Capital.and.Coast,316620,316537,57,93,83,0,0,0,304,1
75,15,Nelson.Marlborough,150280,150268,9,14,12,0,0,0,136,1
75,8,Taranaki,119640,119628,7,12,11,0,0,0,122,1
75,19,Southern,328230,328220,6,11,10,0,0,0,334,1
75,0,Northland,178500,178492,6,8,8,0,0,0,170,1
75,3,Counties.Manukau,557790,557646,110,155,144,0,0,0,539,1
75,11,MidCentral,178240,178150,57,95,90,0,0,0,175,1
75,16,West.Coast,32445,32419,20,27,26,0,0,0,38,1
75,12,Hutt.Valley,149270,149192,59,90,78,0,0,0,154,1
75,14,Wairarapa,44845,44844,1,1,1,0,0,0,33,1
75,7,Tairawhiti,48965,48964,0,1,1,0,0,0,54,1
75,2,Auckland,538840,538633,155,234,207,0,0,0,547,1
76,15,Nelson.Marlborough,150280,150268,9,14,12,0,0,0,148,1
76,10,Whanganui,64565,64564,0,1,1,0,0,0,63,1
76,18,South.Canterbury,60025,59966,38,62,59,0,0,0,50,1
76,1,Waitemata,622350,622199,101,167,150,0,0,0,608,1
76,12,Hutt.Valley,149270,149192,59,90,78,0,0,0,156,1
76,6,Bay.of.Plenty,236820,236716,77,110,104,0,0,0,243,1
76,13,Capital.and.Coast,316620,316537,57,93,83,0,0,0,317,1
76,16,West.Coast,32445,32419,20,27,26,0,0,0,41,1
76,4,Waikato,417130,417060,48,75,70,0,0,0,406,1
76,19,Southern,328230,328220,6,11,10,0,0,0,311,1
76,17,Canterbury,562870,562614,190,279,256,0,0,0,548,1
76,2,Auckland,538840,538633,155,234,207,0,0,0,564,1
76,9,Hawkes.Bay,165360,165334,17,27,26,0,0,0,188,1
76,3,Counties.Manukau,557790,557646,110,155,144,0,0,0,538,1
76,5,Lakes,110040,110033,5,7,7,0,0,0,107,1
76,7,Tairawhiti,48965,48964,0,1,1,0,0,0,42,1
76,8,Taranaki,119640,119628,7,12,11,0,0,0,128,1
76,11,MidCentral,178240,178150,57,95,90,0,0,0,168,1
76,0,Northland,178500,178492,6,8,8,0,0,0,181,1
76,14,Wairarapa,44845,44844,1,1,1,0,0,0,42,1
77,16,West.Coast,32445,32419,20,27,26,0,0,0,29,1
77,15,Nelson.Marlborough,150280,150268,9,14,12,0,0,0,147,1
77,4,Waikato,417130,417060,48,75,70,0,0,0,417,1
77,0,Northland,178500,178492,6,8,8,0,0,0,169,1
77,11,MidCentral,178240,178150,57,95,90,0,0,0,197,1
77,9,Hawkes.Bay,165360,165334,17,27,26,0,0,0,165,1
77,10,Whanganui,64565,64564,0,1,1,0,0,0,55,1
77,3,Counties.Manukau,557790,557646,110,155,144,0,0,0,565,1
77,2,Auckland,538840,538633,155,234,207,0,0,0,531,1
77,19,Southern,328230,328220,6,11,10,0,0,0,327,1
77,18,South.Canterbury,60025,59966,38,62,59,0,0,0,47,1
77,6,Bay.of.Plenty,236820,236716,77,110,104,0,0,0,257,1
77,7,Tairawhiti,48965,48964,0,1,1,0,0,0,48,1
77,14,Wairarapa,44845,44844,1,1,1,0,0,0,35,1
77,5,Lakes,110040,110033,5,7,7,0,0,0,123,1
77,17,Canterbury,562870,562614,190,279,256,0,0,0,525,1
77,12,Hutt.Valley,149270,149192,59,90,78,0,0,0,159,1
77,1,Waitemata,622350,622199,101,167,150,0,0,0,611,1
77,8,Taranaki,119640,119628,7,12,11,0,0,0,123,1
77,13,Capital.and.Coast,316620,316537,57,93,83,0,0,0,308,1
78,0,Northland,178500,178492,6,8,8,0,0,0,176,1
78,1,Waitemata,622350,622199,101,167,151,0,0,1,615,1
78,10,Whanganui,64565,64564,0,1,1,0,0,0,62,1
78,14,Wairarapa,44845,44844,1,1,1,0,0,0,34,1
78,4,Waikato,417130,417060,48,75,70,0,0,0,399,1
78,16,West.Coast,32445,32419,20,27,26,0,0,0,33,1
78,15,Nelson.Marlborough,150280,150268,9,14,12,0,0,0,147,1
78,19,Southern,328230,328220,6,11,10,0,0,0,316,1
78,5,Lakes,110040,110033,5,7,7,0,0,0,100,1
78,13,Capital.and.Coast,316620,316537,57,93,83,0,0,0,311,1
78,17,Canterbury,562870,562614,190,279,256,0,0,0,581,1
78,6,Bay.of.Plenty,236820,236716,77,110,104,0,0,0,238,1
78,3,Counties.Manukau,557790,557646,110,155,144,0,0,0,532,1
78,11,MidCentral,178240,178150,57,95,90,0,0,0,180,1
78,7,Tairawhiti,48965,48964,0,1,1,0,0,0,44,1
78,8,Taranaki,119640,119628,7,12,11,0,0,0,142,1
78,12,Hutt.Valley,149270,149192,59,90,78,0,0,0,152,1
78,18,South.Canterbury,60025,59966,38,62,59,0,0,0,66,1
78,2,Auckland,538840,538633,155,234,207,0,0,0,509,1
78,9,Hawkes.Bay,165360,165334,17,27,26,0,0,0,181,1
79,11,MidCentral,178240,178150,57,95,90,0,0,0,164,1
79,0,Northland,178500,178492,6,8,8,0,0,0,181,1
79,12,Hutt.Valley,149270,149192,59,90,78,0,0,0,154,1
79,16,West.Coast,32445,32419,20,27,26,0,0,0,32,1
79,19,Southern,328230,328220,6,11,10,0,0,0,349,1
79,2,Auckland,538840,538633,155,234,207,0,0,0,544,1
79,17,Canterbury,562870,562614,190,279,256,0,0,0,580,1
79,18,South.Canterbury,60025,59966,38,62,59,0,0,0,53,1
79,1,Waitemata,622350,622199,101,167,151,0,0,0,638,1
79,9,Hawkes.Bay,165360,165334,17,27,26,0,0,0,147,1
79,14,Wairarapa,44845,44844,1,1,1,0,0,0,54,1
79,10,Whanganui,64565,64564,0,1,1,0,0,0,60,1
79,6,Bay.of.Plenty,236820,236716,77,110,104,0,0,0,221,1
79,13,Capital.and.Coast,316620,316537,57,93,83,0,0,0,306,1
79,5,Lakes,110040,110033,5,7,7,0,0,0,99,1
79,7,Tairawhiti,48965,48964,0,1,1,0,0,0,45,1
79,8,Taranaki,119640,119628,7,12,11,0,0,0,143,1
79,3,Counties.Manukau,557790,557646,110,155,144,0,0,0,552,1
79,4,Waikato,417130,417060,48,75,70,0,0,0,400,1
79,15,Nelson.Marlborough,150280,150268,9,14,12,0,0,0,163,1
80,6,Bay.of.Plenty,236820,236716,77,110,104,0,0,0,222,1
80,14,Wairarapa,44845,44844,1,1,1,0,0,0,44,1
80,9,Hawkes.Bay,165360,165334,17,27,26,0,0,0,146,1
80,10,Whanganui,64565,64564,0,1,1,0,0,0,76,1
80,3,Counties.Manukau,557790,557646,110,155,144,0,0,0,542,1
80,4,Waikato,417130,417060,48,75,70,0,0,0,362,1
80,7,Tairawhiti,48965,48964,0,1,1,0,0,0,40,1
80,11,MidCentral,178240,178150,57,95,90,0,0,0,189,1
80,8,Taranaki,119640,119628,7,12,12,0,0,1,103,1
80,0,Northland,178500,178492,6,8,8,0,0,0,196,1
80,2,Auckland,538840,538633,155,234,207,0,0,0,554,1
80,19,Southern,328230,328220,6,11,10,0,0,0,352,1
80,12,Hutt.Valley,149270,149192,59,90,78,0,0,0,141,1
80,18,South.Canterbury,60025,59966,38,62,59,0,0,0,66,1
80,5,Lakes,110040,110033,5,7,7,0,0,0,120,1
80,16,West.Coast,32445,32419,20,27,26,0,0,0,30,1
80,17,Canterbury,562870,562614,190,279,256,0,0,0,553,1
80,1,Waitemata,622350,622199,101,167,151,0,0,0,605,1
80,13,Capital.and.Coast,316620,316537,57,93,83,0,0,0,294,1
80,15,Nelson.Marlborough,150280,150268,9,14,12,0,0,0,154,1
